ward_number,population,sc_population,st_population,eb_count,census_year,data_source,status
1,51163,4873,74,95,2011,Census of India 2011 (Primary Census Abstract - Chennai),VERIFIED_CENSUS_2011
2,66897,11315,160,110,2011,Census of India 2011 (Primary Census Abstract - Chennai),VERIFIED_CENSUS_2011
3,52995,2568,21,85,2011,Census of India 2011 (Primary Census Abstract - Chennai),VERIFIED_CENSUS_2011
4,15186,4499,11,28,2011,Census of India 2011 (Primary Census Abstract - Chennai),VERIFIED_CENSUS_2011
5,45204,5644,92,81,2011,Census of India 2011 (Primary Census Abstract - Chennai),VERIFIED_CENSUS_2011
6,19523,2681,5,30,2011,Census of India 2011 (Primary Census Abstract - Chennai),VERIFIED_CENSUS_2011
7,22161,1242,15,37,2011,Census of India 2011 (Primary Census Abstract - Chennai),VERIFIED_CENSUS_2011
8,33039,4078,12,54,2011,Census of India 2011 (Primary Census Abstract - Chennai),VERIFIED_CENSUS_2011
9,20306,422,0,34,2011,Census of India 2011 (Primary Census Abstract - Chennai),VERIFIED_CENSUS_2011
10,44747,5945,65,76,2011,Census of India 2011 (Primary Census Abstract - Chennai),VERIFIED_CENSUS_2011
11,33287,15993,19,52,2011,Census of India 2011 (Primary Census Abstract - Chennai),VERIFIED_CENSUS_2011
12,16254,547,12,27,2011,Census of India 2011 (Primary Census Abstract - Chennai),VERIFIED_CENSUS_2011
13,21829,4738,55,33,2011,Census of India 2011 (Primary Census Abstract - Chennai),VERIFIED_CENSUS_2011
14,35130,5080,12,54,2011,Census of India 2011 (Primary Census Abstract - Chennai),VERIFIED_CENSUS_2011
15,19952,202,7,31,2011,Census of India 2011 (Primary Census Abstract - Chennai),VERIFIED_CENSUS_2011
16,22947,566,3,35,2011,Census of India 2011 (Primary Census Abstract - Chennai),VERIFIED_CENSUS_2011
17,24670,2466,14,36,2011,Census of India 2011 (Primary Census Abstract - Chennai),VERIFIED_CENSUS_2011
18,16424,433,2,27,2011,Census of India 2011 (Primary Census Abstract - Chennai),VERIFIED_CENSUS_2011
19,15457,415,4,28,2011,Census of India 2011 (Primary Census Abstract - Chennai),VERIFIED_CENSUS_2011
20,13276,211,11,22,2011,Census of India 2011 (Primary Census Abstract - Chennai),VERIFIED_CENSUS_2011
21,16044,1911,8,25,2011,Census of India 2011 (Primary Census Abstract - Chennai),VERIFIED_CENSUS_2011
22,26177,12673,60,41,2011,Census of India 2011 (Primary Census Abstract - Chennai),VERIFIED_CENSUS_2011
23,18434,367,23,30,2011,Census of India 2011 (Primary Census Abstract - Chennai),VERIFIED_CENSUS_2011
24,21002,2511,8,33,2011,Census of India 2011 (Primary Census Abstract - Chennai),VERIFIED_CENSUS_2011
25,19261,3802,98,30,2011,Census of India 2011 (Primary Census Abstract - Chennai),VERIFIED_CENSUS_2011
26,20239,2717,3,40,2011,Census of India 2011 (Primary Census Abstract - Chennai),VERIFIED_CENSUS_2011
27,24426,5536,107,45,2011,Census of India 2011 (Primary Census Abstract - Chennai),VERIFIED_CENSUS_2011
28,26156,4404,75,56,2011,Census of India 2011 (Primary Census Abstract - Chennai),VERIFIED_CENSUS_2011
29,19415,1172,4,33,2011,Census of India 2011 (Primary Census Abstract - Chennai),VERIFIED_CENSUS_2011
30,25286,1072,3,44,2011,Census of India 2011 (Primary Census Abstract - Chennai),VERIFIED_CENSUS_2011
31,32152,16598,44,50,2011,Census of India 2011 (Primary Census Abstract - Chennai),VERIFIED_CENSUS_2011
32,32269,22247,13,53,2011,Census of India 2011 (Primary Census Abstract - Chennai),VERIFIED_CENSUS_2011
33,41617,12890,123,66,2011,Census of India 2011 (Primary Census Abstract - Chennai),VERIFIED_CENSUS_2011
34,49559,6470,68,90,2011,Census of India 2011 (Primary Census Abstract - Chennai),VERIFIED_CENSUS_2011
35,40075,4749,14,69,2011,Census of India 2011 (Primary Census Abstract - Chennai),VERIFIED_CENSUS_2011
36,52262,18235,74,85,2011,Census of India 2011 (Primary Census Abstract - Chennai),VERIFIED_CENSUS_2011
37,26491,2130,44,47,2011,Census of India 2011 (Primary Census Abstract - Chennai),VERIFIED_CENSUS_2011
38,35187,16173,159,66,2011,Census of India 2011 (Primary Census Abstract - Chennai),VERIFIED_CENSUS_2011
39,30573,9611,82,65,2011,Census of India 2011 (Primary Census Abstract - Chennai),VERIFIED_CENSUS_2011
40,51479,28903,163,96,2011,Census of India 2011 (Primary Census Abstract - Chennai),VERIFIED_CENSUS_2011
41,21550,7823,7,38,2011,Census of India 2011 (Primary Census Abstract - Chennai),VERIFIED_CENSUS_2011
42,27857,15041,62,44,2011,Census of India 2011 (Primary Census Abstract - Chennai),VERIFIED_CENSUS_2011
43,15835,1256,26,26,2011,Census of India 2011 (Primary Census Abstract - Chennai),VERIFIED_CENSUS_2011
44,14291,3652,4,30,2011,Census of India 2011 (Primary Census Abstract - Chennai),VERIFIED_CENSUS_2011
45,17871,9879,10,30,2011,Census of India 2011 (Primary Census Abstract - Chennai),VERIFIED_CENSUS_2011
46,12747,1092,14,21,2011,Census of India 2011 (Primary Census Abstract - Chennai),VERIFIED_CENSUS_2011
47,14379,2627,10,26,2011,Census of India 2011 (Primary Census Abstract - Chennai),VERIFIED_CENSUS_2011
48,18269,6886,30,31,2011,Census of India 2011 (Primary Census Abstract - Chennai),VERIFIED_CENSUS_2011
49,16889,1790,1,34,2011,Census of India 2011 (Primary Census Abstract - Chennai),VERIFIED_CENSUS_2011
50,51527,3629,155,100,2011,Census of India 2011 (Primary Census Abstract - Chennai),VERIFIED_CENSUS_2011
51,46250,5471,139,86,2011,Census of India 2011 (Primary Census Abstract - Chennai),VERIFIED_CENSUS_2011
52,23233,6167,163,41,2011,Census of India 2011 (Primary Census Abstract - Chennai),VERIFIED_CENSUS_2011
53,23831,4949,87,43,2011,Census of India 2011 (Primary Census Abstract - Chennai),VERIFIED_CENSUS_2011
54,39058,5527,162,66,2011,Census of India 2011 (Primary Census Abstract - Chennai),VERIFIED_CENSUS_2011
55,23220,6150,142,39,2011,Census of India 2011 (Primary Census Abstract - Chennai),VERIFIED_CENSUS_2011
56,38123,6288,76,70,2011,Census of India 2011 (Primary Census Abstract - Chennai),VERIFIED_CENSUS_2011
57,21805,2440,64,40,2011,Census of India 2011 (Primary Census Abstract - Chennai),VERIFIED_CENSUS_2011
58,30577,5685,108,53,2011,Census of India 2011 (Primary Census Abstract - Chennai),VERIFIED_CENSUS_2011
59,23595,3436,27,37,2011,Census of India 2011 (Primary Census Abstract - Chennai),VERIFIED_CENSUS_2011
60,29821,8174,42,55,2011,Census of India 2011 (Primary Census Abstract - Chennai),VERIFIED_CENSUS_2011
61,17321,4062,214,32,2011,Census of India 2011 (Primary Census Abstract - Chennai),VERIFIED_CENSUS_2011
62,110474,15214,552,213,2011,Census of India 2011 (Primary Census Abstract - Chennai),VERIFIED_CENSUS_2011
63,81648,14630,1191,149,2011,Census of India 2011 (Primary Census Abstract - Chennai),VERIFIED_CENSUS_2011
64,72144,8025,288,143,2011,Census of India 2011 (Primary Census Abstract - Chennai),VERIFIED_CENSUS_2011
65,95564,9471,237,185,2011,Census of India 2011 (Primary Census Abstract - Chennai),VERIFIED_CENSUS_2011
66,50926,7752,185,100,2011,Census of India 2011 (Primary Census Abstract - Chennai),VERIFIED_CENSUS_2011
67,37331,4117,127,70,2011,Census of India 2011 (Primary Census Abstract - Chennai),VERIFIED_CENSUS_2011
68,32999,5436,51,66,2011,Census of India 2011 (Primary Census Abstract - Chennai),VERIFIED_CENSUS_2011
69,27133,11187,37,63,2011,Census of India 2011 (Primary Census Abstract - Chennai),VERIFIED_CENSUS_2011
70,26313,1932,21,77,2011,Census of India 2011 (Primary Census Abstract - Chennai),VERIFIED_CENSUS_2011
71,12091,692,7,27,2011,Census of India 2011 (Primary Census Abstract - Chennai),VERIFIED_CENSUS_2011
72,32446,12705,26,53,2011,Census of India 2011 (Primary Census Abstract - Chennai),VERIFIED_CENSUS_2011
73,22662,3135,8,45,2011,Census of India 2011 (Primary Census Abstract - Chennai),VERIFIED_CENSUS_2011
74,56960,4208,136,112,2011,Census of India 2011 (Primary Census Abstract - Chennai),VERIFIED_CENSUS_2011
75,60126,5917,108,124,2011,Census of India 2011 (Primary Census Abstract - Chennai),VERIFIED_CENSUS_2011
76,24524,5115,22,64,2011,Census of India 2011 (Primary Census Abstract - Chennai),VERIFIED_CENSUS_2011
77,23619,1564,31,45,2011,Census of India 2011 (Primary Census Abstract - Chennai),VERIFIED_CENSUS_2011
78,23476,3097,27,54,2011,Census of India 2011 (Primary Census Abstract - Chennai),VERIFIED_CENSUS_2011
79,19748,7575,66,42,2011,Census of India 2011 (Primary Census Abstract - Chennai),VERIFIED_CENSUS_2011
80,20318,10438,30,35,2011,Census of India 2011 (Primary Census Abstract - Chennai),VERIFIED_CENSUS_2011
81,17123,2356,11,30,2011,Census of India 2011 (Primary Census Abstract - Chennai),VERIFIED_CENSUS_2011
82,16338,3819,28,31,2011,Census of India 2011 (Primary Census Abstract - Chennai),VERIFIED_CENSUS_2011
83,19140,3790,16,35,2011,Census of India 2011 (Primary Census Abstract - Chennai),VERIFIED_CENSUS_2011
84,17825,1397,42,36,2011,Census of India 2011 (Primary Census Abstract - Chennai),VERIFIED_CENSUS_2011
85,11304,392,35,21,2011,Census of India 2011 (Primary Census Abstract - Chennai),VERIFIED_CENSUS_2011
86,16185,1858,7,34,2011,Census of India 2011 (Primary Census Abstract - Chennai),VERIFIED_CENSUS_2011
87,14375,385,302,27,2011,Census of India 2011 (Primary Census Abstract - Chennai),VERIFIED_CENSUS_2011
88,23618,591,21,40,2011,Census of India 2011 (Primary Census Abstract - Chennai),VERIFIED_CENSUS_2011
89,16014,181,7,35,2011,Census of India 2011 (Primary Census Abstract - Chennai),VERIFIED_CENSUS_2011
90,17329,1243,14,36,2011,Census of India 2011 (Primary Census Abstract - Chennai),VERIFIED_CENSUS_2011
91,22285,7836,161,36,2011,Census of India 2011 (Primary Census Abstract - Chennai),VERIFIED_CENSUS_2011
92,16511,2748,71,31,2011,Census of India 2011 (Primary Census Abstract - Chennai),VERIFIED_CENSUS_2011
93,17368,1083,3,31,2011,Census of India 2011 (Primary Census Abstract - Chennai),VERIFIED_CENSUS_2011
94,22407,6399,9,38,2011,Census of India 2011 (Primary Census Abstract - Chennai),VERIFIED_CENSUS_2011
95,11664,831,69,29,2011,Census of India 2011 (Primary Census Abstract - Chennai),VERIFIED_CENSUS_2011
96,12954,1708,3,24,2011,Census of India 2011 (Primary Census Abstract - Chennai),VERIFIED_CENSUS_2011
97,20860,2670,20,34,2011,Census of India 2011 (Primary Census Abstract - Chennai),VERIFIED_CENSUS_2011
98,17466,2215,11,30,2011,Census of India 2011 (Primary Census Abstract - Chennai),VERIFIED_CENSUS_2011
99,15460,5320,20,28,2011,Census of India 2011 (Primary Census Abstract - Chennai),VERIFIED_CENSUS_2011
100,9545,505,0,19,2011,Census of India 2011 (Primary Census Abstract - Chennai),VERIFIED_CENSUS_2011
101,12703,441,35,24,2011,Census of India 2011 (Primary Census Abstract - Chennai),VERIFIED_CENSUS_2011
102,9377,245,0,19,2011,Census of India 2011 (Primary Census Abstract - Chennai),VERIFIED_CENSUS_2011
103,16595,3334,9,33,2011,Census of India 2011 (Primary Census Abstract - Chennai),VERIFIED_CENSUS_2011
104,20897,11195,6,45,2011,Census of India 2011 (Primary Census Abstract - Chennai),VERIFIED_CENSUS_2011
105,17965,4783,26,43,2011,Census of India 2011 (Primary Census Abstract - Chennai),VERIFIED_CENSUS_2011
106,20023,3803,18,43,2011,Census of India 2011 (Primary Census Abstract - Chennai),VERIFIED_CENSUS_2011
107,22902,3297,9,51,2011,Census of India 2011 (Primary Census Abstract - Chennai),VERIFIED_CENSUS_2011
108,20042,2261,40,55,2011,Census of India 2011 (Primary Census Abstract - Chennai),VERIFIED_CENSUS_2011
109,18546,5458,2,55,2011,Census of India 2011 (Primary Census Abstract - Chennai),VERIFIED_CENSUS_2011
110,13867,5849,7,31,2011,Census of India 2011 (Primary Census Abstract - Chennai),VERIFIED_CENSUS_2011
111,18480,1834,17,40,2011,Census of India 2011 (Primary Census Abstract - Chennai),VERIFIED_CENSUS_2011
112,14912,1525,89,33,2011,Census of India 2011 (Primary Census Abstract - Chennai),VERIFIED_CENSUS_2011
113,19701,2079,121,47,2011,Census of India 2011 (Primary Census Abstract - Chennai),VERIFIED_CENSUS_2011
114,32913,8855,46,64,2011,Census of India 2011 (Primary Census Abstract - Chennai),VERIFIED_CENSUS_2011
115,24775,1057,10,51,2011,Census of India 2011 (Primary Census Abstract - Chennai),VERIFIED_CENSUS_2011
116,23624,5055,60,60,2011,Census of India 2011 (Primary Census Abstract - Chennai),VERIFIED_CENSUS_2011
117,36192,2801,37,83,2011,Census of India 2011 (Primary Census Abstract - Chennai),VERIFIED_CENSUS_2011
118,34310,6554,51,68,2011,Census of India 2011 (Primary Census Abstract - Chennai),VERIFIED_CENSUS_2011
119,23472,4468,24,42,2011,Census of India 2011 (Primary Census Abstract - Chennai),VERIFIED_CENSUS_2011
120,28874,4938,37,65,2011,Census of India 2011 (Primary Census Abstract - Chennai),VERIFIED_CENSUS_2011
121,25912,4195,26,48,2011,Census of India 2011 (Primary Census Abstract - Chennai),VERIFIED_CENSUS_2011
122,30204,9000,63,57,2011,Census of India 2011 (Primary Census Abstract - Chennai),VERIFIED_CENSUS_2011
123,25733,3724,12,43,2011,Census of India 2011 (Primary Census Abstract - Chennai),VERIFIED_CENSUS_2011
124,22907,937,52,46,2011,Census of India 2011 (Primary Census Abstract - Chennai),VERIFIED_CENSUS_2011
125,20416,247,23,40,2011,Census of India 2011 (Primary Census Abstract - Chennai),VERIFIED_CENSUS_2011
126,17718,245,53,39,2011,Census of India 2011 (Primary Census Abstract - Chennai),VERIFIED_CENSUS_2011
127,24606,637,31,46,2011,Census of India 2011 (Primary Census Abstract - Chennai),VERIFIED_CENSUS_2011
128,58003,2137,90,106,2011,Census of India 2011 (Primary Census Abstract - Chennai),VERIFIED_CENSUS_2011
129,59322,3928,115,143,2011,Census of India 2011 (Primary Census Abstract - Chennai),VERIFIED_CENSUS_2011
130,55784,8327,150,101,2011,Census of India 2011 (Primary Census Abstract - Chennai),VERIFIED_CENSUS_2011
131,58468,7644,75,101,2011,Census of India 2011 (Primary Census Abstract - Chennai),VERIFIED_CENSUS_2011
132,41733,4222,21,68,2011,Census of India 2011 (Primary Census Abstract - Chennai),VERIFIED_CENSUS_2011
133,25793,1918,5,42,2011,Census of India 2011 (Primary Census Abstract - Chennai),VERIFIED_CENSUS_2011
134,23054,945,31,45,2011,Census of India 2011 (Primary Census Abstract - Chennai),VERIFIED_CENSUS_2011
135,49869,9980,27,82,2011,Census of India 2011 (Primary Census Abstract - Chennai),VERIFIED_CENSUS_2011
136,33270,7804,22,60,2011,Census of India 2011 (Primary Census Abstract - Chennai),VERIFIED_CENSUS_2011
137,22019,1261,18,39,2011,Census of India 2011 (Primary Census Abstract - Chennai),VERIFIED_CENSUS_2011
138,37720,8096,55,73,2011,Census of India 2011 (Primary Census Abstract - Chennai),VERIFIED_CENSUS_2011
139,35299,9603,109,71,2011,Census of India 2011 (Primary Census Abstract - Chennai),VERIFIED_CENSUS_2011
140,33089,5023,136,62,2011,Census of India 2011 (Primary Census Abstract - Chennai),VERIFIED_CENSUS_2011
141,54598,5619,104,100,2011,Census of India 2011 (Primary Census Abstract - Chennai),VERIFIED_CENSUS_2011
142,26525,3548,19,64,2011,Census of India 2011 (Primary Census Abstract - Chennai),VERIFIED_CENSUS_2011
143,20124,4688,17,38,2011,Census of India 2011 (Primary Census Abstract - Chennai),VERIFIED_CENSUS_2011
144,21231,2685,25,39,2011,Census of India 2011 (Primary Census Abstract - Chennai),VERIFIED_CENSUS_2011
145,24508,7795,30,46,2011,Census of India 2011 (Primary Census Abstract - Chennai),VERIFIED_CENSUS_2011
146,17539,1104,31,32,2011,Census of India 2011 (Primary Census Abstract - Chennai),VERIFIED_CENSUS_2011
147,17881,545,16,37,2011,Census of India 2011 (Primary Census Abstract - Chennai),VERIFIED_CENSUS_2011
148,17914,1414,7,38,2011,Census of India 2011 (Primary Census Abstract - Chennai),VERIFIED_CENSUS_2011
149,32138,3429,32,75,2011,Census of India 2011 (Primary Census Abstract - Chennai),VERIFIED_CENSUS_2011
150,31270,2583,23,63,2011,Census of India 2011 (Primary Census Abstract - Chennai),VERIFIED_CENSUS_2011
151,34509,4852,197,94,2011,Census of India 2011 (Primary Census Abstract - Chennai),VERIFIED_CENSUS_2011
152,25707,3042,57,49,2011,Census of India 2011 (Primary Census Abstract - Chennai),VERIFIED_CENSUS_2011
153,143626,13815,189,291,2011,Census of India 2011 (Primary Census Abstract - Chennai),VERIFIED_CENSUS_2011
154,53855,7685,127,111,2011,Census of India 2011 (Primary Census Abstract - Chennai),VERIFIED_CENSUS_2011
155,75748,5371,85,188,2011,Census of India 2011 (Primary Census Abstract - Chennai),VERIFIED_CENSUS_2011
156,,,,0,2011,Census of India 2011 (Primary Census Abstract - Chennai),UNMATCHED / DATA UNAVAILABLE
157,,,,0,2011,Census of India 2011 (Primary Census Abstract - Chennai),UNMATCHED / DATA UNAVAILABLE
158,,,,0,2011,Census of India 2011 (Primary Census Abstract - Chennai),UNMATCHED / DATA UNAVAILABLE
159,,,,0,2011,Census of India 2011 (Primary Census Abstract - Chennai),UNMATCHED / DATA UNAVAILABLE
160,,,,0,2011,Census of India 2011 (Primary Census Abstract - Chennai),UNMATCHED / DATA UNAVAILABLE
161,,,,0,2011,Census of India 2011 (Primary Census Abstract - Chennai),UNMATCHED / DATA UNAVAILABLE
162,,,,0,2011,Census of India 2011 (Primary Census Abstract - Chennai),UNMATCHED / DATA UNAVAILABLE
163,,,,0,2011,Census of India 2011 (Primary Census Abstract - Chennai),UNMATCHED / DATA UNAVAILABLE
164,,,,0,2011,Census of India 2011 (Primary Census Abstract - Chennai),UNMATCHED / DATA UNAVAILABLE
165,,,,0,2011,Census of India 2011 (Primary Census Abstract - Chennai),UNMATCHED / DATA UNAVAILABLE
166,,,,0,2011,Census of India 2011 (Primary Census Abstract - Chennai),UNMATCHED / DATA UNAVAILABLE
167,,,,0,2011,Census of India 2011 (Primary Census Abstract - Chennai),UNMATCHED / DATA UNAVAILABLE
168,,,,0,2011,Census of India 2011 (Primary Census Abstract - Chennai),UNMATCHED / DATA UNAVAILABLE
169,,,,0,2011,Census of India 2011 (Primary Census Abstract - Chennai),UNMATCHED / DATA UNAVAILABLE
170,,,,0,2011,Census of India 2011 (Primary Census Abstract - Chennai),UNMATCHED / DATA UNAVAILABLE
171,,,,0,2011,Census of India 2011 (Primary Census Abstract - Chennai),UNMATCHED / DATA UNAVAILABLE
172,,,,0,2011,Census of India 2011 (Primary Census Abstract - Chennai),UNMATCHED / DATA UNAVAILABLE
173,,,,0,2011,Census of India 2011 (Primary Census Abstract - Chennai),UNMATCHED / DATA UNAVAILABLE
174,,,,0,2011,Census of India 2011 (Primary Census Abstract - Chennai),UNMATCHED / DATA UNAVAILABLE
175,,,,0,2011,Census of India 2011 (Primary Census Abstract - Chennai),UNMATCHED / DATA UNAVAILABLE
176,,,,0,2011,Census of India 2011 (Primary Census Abstract - Chennai),UNMATCHED / DATA UNAVAILABLE
177,,,,0,2011,Census of India 2011 (Primary Census Abstract - Chennai),UNMATCHED / DATA UNAVAILABLE
178,,,,0,2011,Census of India 2011 (Primary Census Abstract - Chennai),UNMATCHED / DATA UNAVAILABLE
179,,,,0,2011,Census of India 2011 (Primary Census Abstract - Chennai),UNMATCHED / DATA UNAVAILABLE
180,,,,0,2011,Census of India 2011 (Primary Census Abstract - Chennai),UNMATCHED / DATA UNAVAILABLE
181,,,,0,2011,Census of India 2011 (Primary Census Abstract - Chennai),UNMATCHED / DATA UNAVAILABLE
182,,,,0,2011,Census of India 2011 (Primary Census Abstract - Chennai),UNMATCHED / DATA UNAVAILABLE
183,,,,0,2011,Census of India 2011 (Primary Census Abstract - Chennai),UNMATCHED / DATA UNAVAILABLE
184,,,,0,2011,Census of India 2011 (Primary Census Abstract - Chennai),UNMATCHED / DATA UNAVAILABLE
185,,,,0,2011,Census of India 2011 (Primary Census Abstract - Chennai),UNMATCHED / DATA UNAVAILABLE
186,,,,0,2011,Census of India 2011 (Primary Census Abstract - Chennai),UNMATCHED / DATA UNAVAILABLE
187,,,,0,2011,Census of India 2011 (Primary Census Abstract - Chennai),UNMATCHED / DATA UNAVAILABLE
188,,,,0,2011,Census of India 2011 (Primary Census Abstract - Chennai),UNMATCHED / DATA UNAVAILABLE
189,,,,0,2011,Census of India 2011 (Primary Census Abstract - Chennai),UNMATCHED / DATA UNAVAILABLE
190,,,,0,2011,Census of India 2011 (Primary Census Abstract - Chennai),UNMATCHED / DATA UNAVAILABLE
191,,,,0,2011,Census of India 2011 (Primary Census Abstract - Chennai),UNMATCHED / DATA UNAVAILABLE
192,,,,0,2011,Census of India 2011 (Primary Census Abstract - Chennai),UNMATCHED / DATA UNAVAILABLE
193,,,,0,2011,Census of India 2011 (Primary Census Abstract - Chennai),UNMATCHED / DATA UNAVAILABLE
194,,,,0,2011,Census of India 2011 (Primary Census Abstract - Chennai),UNMATCHED / DATA UNAVAILABLE
195,,,,0,2011,Census of India 2011 (Primary Census Abstract - Chennai),UNMATCHED / DATA UNAVAILABLE
196,,,,0,2011,Census of India 2011 (Primary Census Abstract - Chennai),UNMATCHED / DATA UNAVAILABLE
197,,,,0,2011,Census of India 2011 (Primary Census Abstract - Chennai),UNMATCHED / DATA UNAVAILABLE
198,,,,0,2011,Census of India 2011 (Primary Census Abstract - Chennai),UNMATCHED / DATA UNAVAILABLE
199,,,,0,2011,Census of India 2011 (Primary Census Abstract - Chennai),UNMATCHED / DATA UNAVAILABLE
200,,,,0,2011,Census of India 2011 (Primary Census Abstract - Chennai),UNMATCHED / DATA UNAVAILABLE
