station_name,location,rainfall_mm,station_type,is_cma_catchment,data_status,geographic_level
TAMBARAM,"TAMBARAM, TAMIL NADU",49.0,CMA_CATCHMENT_RESERVOIR_STATION,True,PUBLIC / SOURCE UNVERIFIED,STATION
CHEMBARABAKKAM,"CHEMBARABAKKAM, TAMIL NADU",47.0,CMA_CATCHMENT_RESERVOIR_STATION,True,PUBLIC / SOURCE UNVERIFIED,STATION
CHENNAI AP,"CHENNAI AP, TAMIL NADU",35.0,CITY_MONITORING_STATION,False,PUBLIC / SOURCE UNVERIFIED,STATION
POONAMALLEE,"POONAMALLEE, TAMIL NADU",34.0,CMA_CATCHMENT_RESERVOIR_STATION,True,PUBLIC / SOURCE UNVERIFIED,STATION
RED HILLS,"RED HILLS, TAMIL NADU",32.0,CMA_CATCHMENT_RESERVOIR_STATION,True,PUBLIC / SOURCE UNVERIFIED,STATION
ANNA UTY ARG,"ANNA UTY ARG, TAMIL NADU",32.0,CITY_MONITORING_STATION,False,PUBLIC / SOURCE UNVERIFIED,STATION
TARAMANI ARG,"TARAMANI ARG, TAMIL NADU",30.0,CITY_MONITORING_STATION,False,PUBLIC / SOURCE UNVERIFIED,STATION
CHOLAVARAM,"CHOLAVARAM, TAMIL NADU",29.0,CMA_CATCHMENT_RESERVOIR_STATION,True,PUBLIC / SOURCE UNVERIFIED,STATION
CHENNAI(N),"CHENNAI(N), TAMIL NADU",29.0,CITY_MONITORING_STATION,False,PUBLIC / SOURCE UNVERIFIED,STATION
DGP OFFICE,"DGP OFFICE, TAMIL NADU",27.0,CITY_MONITORING_STATION,False,PUBLIC / SOURCE UNVERIFIED,STATION
ANNA UNIVERSITY,"ANNA UNIVERSITY, GUINDY, CHENNAI, TAMIL NADU",22.0,CITY_MONITORING_STATION,False,PUBLIC / SOURCE UNVERIFIED,STATION
