ward_id,ward_number,ward_name,zone_number,zone_name,elevation_mean_m,elevation_min_m,elevation_max_m,elevation_median_m,elevation_std_m,slope_mean_deg,slope_mean_pct,relative_relief_m,low_lying_fraction,is_low_lying,drainage_flow_potential,pixel_count,terrain_source,coordinate_system,processing_method,terrain_status
1,1,Ward 1 (Thiruvottiyur),1,Thiruvottiyur,3.7,0.0,12.0,4.0,2.9,2.11,3.69,12.0,0.455,True,NORMAL_GRADIENT,4376,Copernicus GLO-30 / NASA SRTM 30m (AWS Terrain Open Data),EPSG:32644 (UTM Zone 44N),Zonal raster aggregation with coastal land-masking,VERIFIED
2,2,Ward 2 (Thiruvottiyur),1,Thiruvottiyur,4.8,0.0,16.0,5.0,2.9,2.29,3.99,16.0,0.378,True,NORMAL_GRADIENT,8392,Copernicus GLO-30 / NASA SRTM 30m (AWS Terrain Open Data),EPSG:32644 (UTM Zone 44N),Zonal raster aggregation with coastal land-masking,VERIFIED
3,3,Ward 3 (Thiruvottiyur),1,Thiruvottiyur,6.3,0.0,32.0,6.0,3.1,3.01,5.26,32.0,0.171,False,MODERATE_RUNOFF,8939,Copernicus GLO-30 / NASA SRTM 30m (AWS Terrain Open Data),EPSG:32644 (UTM Zone 44N),Zonal raster aggregation with coastal land-masking,VERIFIED
4,4,Ward 4 (Thiruvottiyur),1,Thiruvottiyur,5.2,0.0,14.0,5.0,3.1,2.52,4.41,14.0,0.364,True,MODERATE_RUNOFF,5950,Copernicus GLO-30 / NASA SRTM 30m (AWS Terrain Open Data),EPSG:32644 (UTM Zone 44N),Zonal raster aggregation with coastal land-masking,VERIFIED
5,5,Ward 5 (Thiruvottiyur),1,Thiruvottiyur,6.1,0.0,22.0,7.0,3.2,2.62,4.57,22.0,0.23,False,MODERATE_RUNOFF,6726,Copernicus GLO-30 / NASA SRTM 30m (AWS Terrain Open Data),EPSG:32644 (UTM Zone 44N),Zonal raster aggregation with coastal land-masking,VERIFIED
6,6,Ward 6 (Thiruvottiyur),1,Thiruvottiyur,3.9,0.0,11.0,4.0,2.2,2.67,4.66,11.0,0.44,True,MODERATE_RUNOFF,3826,Copernicus GLO-30 / NASA SRTM 30m (AWS Terrain Open Data),EPSG:32644 (UTM Zone 44N),Zonal raster aggregation with coastal land-masking,VERIFIED
7,7,Ward 7 (Thiruvottiyur),1,Thiruvottiyur,5.1,0.0,18.0,5.0,3.2,3.28,5.73,18.0,0.333,True,MODERATE_RUNOFF,21275,Copernicus GLO-30 / NASA SRTM 30m (AWS Terrain Open Data),EPSG:32644 (UTM Zone 44N),Zonal raster aggregation with coastal land-masking,VERIFIED
8,8,Ward 8 (Thiruvottiyur),1,Thiruvottiyur,6.3,0.0,13.0,7.0,3.5,2.37,4.15,13.0,0.226,False,NORMAL_GRADIENT,2115,Copernicus GLO-30 / NASA SRTM 30m (AWS Terrain Open Data),EPSG:32644 (UTM Zone 44N),Zonal raster aggregation with coastal land-masking,VERIFIED
9,9,Ward 9 (Thiruvottiyur),1,Thiruvottiyur,4.9,0.0,12.0,5.0,3.8,1.87,3.27,12.0,0.41,True,NORMAL_GRADIENT,1977,Copernicus GLO-30 / NASA SRTM 30m (AWS Terrain Open Data),EPSG:32644 (UTM Zone 44N),Zonal raster aggregation with coastal land-masking,VERIFIED
10,10,Ward 10 (Thiruvottiyur),1,Thiruvottiyur,8.6,1.0,15.0,9.0,2.1,2.7,4.72,14.0,0.016,False,MODERATE_RUNOFF,1519,Copernicus GLO-30 / NASA SRTM 30m (AWS Terrain Open Data),EPSG:32644 (UTM Zone 44N),Zonal raster aggregation with coastal land-masking,VERIFIED
11,11,Ward 11 (Thiruvottiyur),1,Thiruvottiyur,7.1,0.0,14.0,8.0,3.6,2.19,3.82,14.0,0.22,False,NORMAL_GRADIENT,1842,Copernicus GLO-30 / NASA SRTM 30m (AWS Terrain Open Data),EPSG:32644 (UTM Zone 44N),Zonal raster aggregation with coastal land-masking,VERIFIED
12,12,Ward 12 (Thiruvottiyur),1,Thiruvottiyur,8.6,3.0,14.0,9.0,1.8,2.55,4.45,11.0,0.002,False,MODERATE_RUNOFF,1228,Copernicus GLO-30 / NASA SRTM 30m (AWS Terrain Open Data),EPSG:32644 (UTM Zone 44N),Zonal raster aggregation with coastal land-masking,VERIFIED
13,13,Ward 13 (Thiruvottiyur),1,Thiruvottiyur,8.4,1.0,13.0,9.0,1.9,2.74,4.78,12.0,0.015,False,MODERATE_RUNOFF,1371,Copernicus GLO-30 / NASA SRTM 30m (AWS Terrain Open Data),EPSG:32644 (UTM Zone 44N),Zonal raster aggregation with coastal land-masking,VERIFIED
14,14,Ward 14 (Thiruvottiyur),1,Thiruvottiyur,5.6,0.0,16.0,6.0,3.3,2.18,3.8,16.0,0.341,True,NORMAL_GRADIENT,1942,Copernicus GLO-30 / NASA SRTM 30m (AWS Terrain Open Data),EPSG:32644 (UTM Zone 44N),Zonal raster aggregation with coastal land-masking,VERIFIED
15,15,Ward 15 (Manali),2,Manali,3.7,0.0,13.0,3.0,2.2,2.53,4.42,13.0,0.509,True,MODERATE_RUNOFF,24591,Copernicus GLO-30 / NASA SRTM 30m (AWS Terrain Open Data),EPSG:32644 (UTM Zone 44N),Zonal raster aggregation with coastal land-masking,VERIFIED
16,16,Ward 16 (Manali),2,Manali,3.4,0.0,22.0,3.0,1.8,2.51,4.38,22.0,0.552,True,MODERATE_RUNOFF,28519,Copernicus GLO-30 / NASA SRTM 30m (AWS Terrain Open Data),EPSG:32644 (UTM Zone 44N),Zonal raster aggregation with coastal land-masking,VERIFIED
17,17,Ward 17 (Manali),2,Manali,5.9,0.0,22.0,6.0,1.9,2.37,4.14,22.0,0.084,True,NORMAL_GRADIENT,19286,Copernicus GLO-30 / NASA SRTM 30m (AWS Terrain Open Data),EPSG:32644 (UTM Zone 44N),Zonal raster aggregation with coastal land-masking,VERIFIED
18,18,Ward 18 (Manali),2,Manali,4.7,0.0,19.0,4.0,2.4,2.69,4.69,19.0,0.33,True,MODERATE_RUNOFF,23150,Copernicus GLO-30 / NASA SRTM 30m (AWS Terrain Open Data),EPSG:32644 (UTM Zone 44N),Zonal raster aggregation with coastal land-masking,VERIFIED
19,19,Ward 19 (Manali),2,Manali,6.1,0.0,16.0,6.0,2.9,2.75,4.8,16.0,0.165,False,MODERATE_RUNOFF,11958,Copernicus GLO-30 / NASA SRTM 30m (AWS Terrain Open Data),EPSG:32644 (UTM Zone 44N),Zonal raster aggregation with coastal land-masking,VERIFIED
20,20,Ward 20 (Manali),2,Manali,6.3,0.0,15.0,6.0,3.1,2.56,4.48,15.0,0.208,False,MODERATE_RUNOFF,1855,Copernicus GLO-30 / NASA SRTM 30m (AWS Terrain Open Data),EPSG:32644 (UTM Zone 44N),Zonal raster aggregation with coastal land-masking,VERIFIED
21,21,Ward 21 (Manali),2,Manali,5.6,0.0,15.0,5.0,2.6,2.63,4.59,15.0,0.237,True,MODERATE_RUNOFF,5416,Copernicus GLO-30 / NASA SRTM 30m (AWS Terrain Open Data),EPSG:32644 (UTM Zone 44N),Zonal raster aggregation with coastal land-masking,VERIFIED
22,22,Ward 22 (Manali),2,Manali,6.3,0.0,16.0,6.0,2.4,2.86,4.99,16.0,0.12,False,MODERATE_RUNOFF,6258,Copernicus GLO-30 / NASA SRTM 30m (AWS Terrain Open Data),EPSG:32644 (UTM Zone 44N),Zonal raster aggregation with coastal land-masking,VERIFIED
23,23,Ward 23 (Madhavaram),3,Madhavaram,11.0,2.0,26.0,9.0,5.3,2.38,4.15,24.0,0.01,False,NORMAL_GRADIENT,12110,Copernicus GLO-30 / NASA SRTM 30m (AWS Terrain Open Data),EPSG:32644 (UTM Zone 44N),Zonal raster aggregation with coastal land-masking,VERIFIED
24,24,Ward 24 (Madhavaram),3,Madhavaram,12.7,3.0,29.0,13.0,6.2,2.4,4.19,26.0,0.005,False,NORMAL_GRADIENT,7871,Copernicus GLO-30 / NASA SRTM 30m (AWS Terrain Open Data),EPSG:32644 (UTM Zone 44N),Zonal raster aggregation with coastal land-masking,VERIFIED
25,25,Ward 25 (Madhavaram),3,Madhavaram,8.6,0.0,16.0,8.0,2.7,2.62,4.58,16.0,0.015,False,MODERATE_RUNOFF,11609,Copernicus GLO-30 / NASA SRTM 30m (AWS Terrain Open Data),EPSG:32644 (UTM Zone 44N),Zonal raster aggregation with coastal land-masking,VERIFIED
26,26,Ward 26 (Madhavaram),3,Madhavaram,11.3,1.0,19.0,12.0,2.6,2.57,4.49,18.0,0.003,False,MODERATE_RUNOFF,6261,Copernicus GLO-30 / NASA SRTM 30m (AWS Terrain Open Data),EPSG:32644 (UTM Zone 44N),Zonal raster aggregation with coastal land-masking,VERIFIED
27,27,Ward 27 (Madhavaram),3,Madhavaram,9.5,0.0,21.0,9.0,3.3,3.0,5.23,21.0,0.036,False,MODERATE_RUNOFF,10624,Copernicus GLO-30 / NASA SRTM 30m (AWS Terrain Open Data),EPSG:32644 (UTM Zone 44N),Zonal raster aggregation with coastal land-masking,VERIFIED
28,28,Ward 28 (Madhavaram),3,Madhavaram,8.7,3.0,14.0,9.0,1.8,2.49,4.35,11.0,0.003,False,NORMAL_GRADIENT,3813,Copernicus GLO-30 / NASA SRTM 30m (AWS Terrain Open Data),EPSG:32644 (UTM Zone 44N),Zonal raster aggregation with coastal land-masking,VERIFIED
29,29,Ward 29 (Madhavaram),3,Madhavaram,8.4,2.0,18.0,8.0,2.4,2.51,4.39,16.0,0.01,False,MODERATE_RUNOFF,6626,Copernicus GLO-30 / NASA SRTM 30m (AWS Terrain Open Data),EPSG:32644 (UTM Zone 44N),Zonal raster aggregation with coastal land-masking,VERIFIED
30,30,Ward 30 (Madhavaram),3,Madhavaram,8.0,0.0,19.0,8.0,2.8,3.19,5.57,19.0,0.04,False,MODERATE_RUNOFF,8975,Copernicus GLO-30 / NASA SRTM 30m (AWS Terrain Open Data),EPSG:32644 (UTM Zone 44N),Zonal raster aggregation with coastal land-masking,VERIFIED
31,31,Ward 31 (Madhavaram),3,Madhavaram,9.5,0.0,21.0,9.0,3.2,2.57,4.49,21.0,0.008,False,MODERATE_RUNOFF,7255,Copernicus GLO-30 / NASA SRTM 30m (AWS Terrain Open Data),EPSG:32644 (UTM Zone 44N),Zonal raster aggregation with coastal land-masking,VERIFIED
32,32,Ward 32 (Madhavaram),3,Madhavaram,12.7,5.0,25.0,12.0,3.6,2.33,4.07,20.0,0.0,False,NORMAL_GRADIENT,14460,Copernicus GLO-30 / NASA SRTM 30m (AWS Terrain Open Data),EPSG:32644 (UTM Zone 44N),Zonal raster aggregation with coastal land-masking,VERIFIED
33,33,Ward 33 (Madhavaram),3,Madhavaram,13.5,7.0,21.0,13.0,2.4,2.35,4.11,14.0,0.0,False,NORMAL_GRADIENT,1992,Copernicus GLO-30 / NASA SRTM 30m (AWS Terrain Open Data),EPSG:32644 (UTM Zone 44N),Zonal raster aggregation with coastal land-masking,VERIFIED
34,34,Ward 34 (Tondiarpet),4,Tondiarpet,7.9,0.0,17.0,8.0,3.0,2.68,4.67,17.0,0.076,False,MODERATE_RUNOFF,7109,Copernicus GLO-30 / NASA SRTM 30m (AWS Terrain Open Data),EPSG:32644 (UTM Zone 44N),Zonal raster aggregation with coastal land-masking,VERIFIED
35,35,Ward 35 (Tondiarpet),4,Tondiarpet,7.8,1.0,13.0,8.0,1.6,2.25,3.92,12.0,0.006,False,NORMAL_GRADIENT,4915,Copernicus GLO-30 / NASA SRTM 30m (AWS Terrain Open Data),EPSG:32644 (UTM Zone 44N),Zonal raster aggregation with coastal land-masking,VERIFIED
36,36,Ward 36 (Tondiarpet),4,Tondiarpet,7.1,1.0,13.0,7.0,1.7,2.25,3.93,12.0,0.011,False,NORMAL_GRADIENT,4015,Copernicus GLO-30 / NASA SRTM 30m (AWS Terrain Open Data),EPSG:32644 (UTM Zone 44N),Zonal raster aggregation with coastal land-masking,VERIFIED
37,37,Ward 37 (Tondiarpet),4,Tondiarpet,4.3,0.0,14.0,4.0,2.5,2.58,4.5,14.0,0.409,True,MODERATE_RUNOFF,11651,Copernicus GLO-30 / NASA SRTM 30m (AWS Terrain Open Data),EPSG:32644 (UTM Zone 44N),Zonal raster aggregation with coastal land-masking,VERIFIED
38,38,Ward 38 (Tondiarpet),4,Tondiarpet,5.1,0.0,12.0,5.0,2.2,2.68,4.68,12.0,0.218,True,MODERATE_RUNOFF,5134,Copernicus GLO-30 / NASA SRTM 30m (AWS Terrain Open Data),EPSG:32644 (UTM Zone 44N),Zonal raster aggregation with coastal land-masking,VERIFIED
39,39,Ward 39 (Tondiarpet),4,Tondiarpet,8.8,3.0,16.0,9.0,1.8,2.42,4.23,13.0,0.002,False,NORMAL_GRADIENT,3036,Copernicus GLO-30 / NASA SRTM 30m (AWS Terrain Open Data),EPSG:32644 (UTM Zone 44N),Zonal raster aggregation with coastal land-masking,VERIFIED
40,40,Ward 40 (Tondiarpet),4,Tondiarpet,7.7,1.0,14.0,8.0,2.0,2.64,4.62,13.0,0.019,False,MODERATE_RUNOFF,3111,Copernicus GLO-30 / NASA SRTM 30m (AWS Terrain Open Data),EPSG:32644 (UTM Zone 44N),Zonal raster aggregation with coastal land-masking,VERIFIED
41,41,Ward 41 (Tondiarpet),4,Tondiarpet,5.1,0.0,12.0,5.0,1.7,2.5,4.36,12.0,0.165,True,NORMAL_GRADIENT,2592,Copernicus GLO-30 / NASA SRTM 30m (AWS Terrain Open Data),EPSG:32644 (UTM Zone 44N),Zonal raster aggregation with coastal land-masking,VERIFIED
42,42,Ward 42 (Tondiarpet),4,Tondiarpet,7.5,1.0,14.0,8.0,2.1,2.41,4.2,13.0,0.031,False,NORMAL_GRADIENT,3159,Copernicus GLO-30 / NASA SRTM 30m (AWS Terrain Open Data),EPSG:32644 (UTM Zone 44N),Zonal raster aggregation with coastal land-masking,VERIFIED
43,43,Ward 43 (Tondiarpet),4,Tondiarpet,8.0,0.0,15.0,9.0,2.9,2.64,4.61,15.0,0.088,False,MODERATE_RUNOFF,2873,Copernicus GLO-30 / NASA SRTM 30m (AWS Terrain Open Data),EPSG:32644 (UTM Zone 44N),Zonal raster aggregation with coastal land-masking,VERIFIED
44,44,Ward 44 (Tondiarpet),4,Tondiarpet,8.8,5.0,13.0,9.0,1.4,2.23,3.9,8.0,0.0,False,NORMAL_GRADIENT,2007,Copernicus GLO-30 / NASA SRTM 30m (AWS Terrain Open Data),EPSG:32644 (UTM Zone 44N),Zonal raster aggregation with coastal land-masking,VERIFIED
45,45,Ward 45 (Tondiarpet),4,Tondiarpet,6.5,1.0,21.0,6.0,2.1,2.52,4.4,20.0,0.066,False,MODERATE_RUNOFF,3314,Copernicus GLO-30 / NASA SRTM 30m (AWS Terrain Open Data),EPSG:32644 (UTM Zone 44N),Zonal raster aggregation with coastal land-masking,VERIFIED
46,46,Ward 46 (Tondiarpet),4,Tondiarpet,4.6,0.0,11.0,5.0,2.2,2.47,4.31,11.0,0.333,True,NORMAL_GRADIENT,4104,Copernicus GLO-30 / NASA SRTM 30m (AWS Terrain Open Data),EPSG:32644 (UTM Zone 44N),Zonal raster aggregation with coastal land-masking,VERIFIED
47,47,Ward 47 (Tondiarpet),4,Tondiarpet,5.4,0.0,11.0,6.0,2.1,2.39,4.17,11.0,0.178,True,NORMAL_GRADIENT,1807,Copernicus GLO-30 / NASA SRTM 30m (AWS Terrain Open Data),EPSG:32644 (UTM Zone 44N),Zonal raster aggregation with coastal land-masking,VERIFIED
48,48,Ward 48 (Tondiarpet),4,Tondiarpet,8.9,4.0,13.0,9.0,1.7,2.45,4.28,9.0,0.0,False,NORMAL_GRADIENT,1390,Copernicus GLO-30 / NASA SRTM 30m (AWS Terrain Open Data),EPSG:32644 (UTM Zone 44N),Zonal raster aggregation with coastal land-masking,VERIFIED
49,49,Ward 49 (Royapuram),5,Royapuram,10.3,6.0,15.0,10.0,1.5,2.29,3.99,9.0,0.0,False,NORMAL_GRADIENT,2264,Copernicus GLO-30 / NASA SRTM 30m (AWS Terrain Open Data),EPSG:32644 (UTM Zone 44N),Zonal raster aggregation with coastal land-masking,VERIFIED
50,50,Ward 50 (Royapuram),5,Royapuram,7.5,0.0,14.0,7.0,2.4,2.59,4.52,14.0,0.045,False,MODERATE_RUNOFF,4469,Copernicus GLO-30 / NASA SRTM 30m (AWS Terrain Open Data),EPSG:32644 (UTM Zone 44N),Zonal raster aggregation with coastal land-masking,VERIFIED
51,51,Ward 51 (Royapuram),5,Royapuram,10.3,6.0,18.0,10.0,1.6,2.47,4.32,12.0,0.0,False,NORMAL_GRADIENT,1173,Copernicus GLO-30 / NASA SRTM 30m (AWS Terrain Open Data),EPSG:32644 (UTM Zone 44N),Zonal raster aggregation with coastal land-masking,VERIFIED
52,52,Ward 52 (Royapuram),5,Royapuram,8.8,2.0,16.0,9.0,2.4,2.86,5.0,14.0,0.006,False,MODERATE_RUNOFF,3021,Copernicus GLO-30 / NASA SRTM 30m (AWS Terrain Open Data),EPSG:32644 (UTM Zone 44N),Zonal raster aggregation with coastal land-masking,VERIFIED
53,53,Ward 53 (Royapuram),5,Royapuram,5.8,0.0,13.0,6.0,2.1,2.55,4.46,13.0,0.122,True,MODERATE_RUNOFF,2489,Copernicus GLO-30 / NASA SRTM 30m (AWS Terrain Open Data),EPSG:32644 (UTM Zone 44N),Zonal raster aggregation with coastal land-masking,VERIFIED
54,54,Ward 54 (Royapuram),5,Royapuram,10.1,2.0,18.0,10.0,2.8,2.68,4.68,16.0,0.008,False,MODERATE_RUNOFF,1732,Copernicus GLO-30 / NASA SRTM 30m (AWS Terrain Open Data),EPSG:32644 (UTM Zone 44N),Zonal raster aggregation with coastal land-masking,VERIFIED
55,55,Ward 55 (Royapuram),5,Royapuram,11.5,5.0,16.0,12.0,2.1,2.45,4.27,11.0,0.0,False,NORMAL_GRADIENT,1674,Copernicus GLO-30 / NASA SRTM 30m (AWS Terrain Open Data),EPSG:32644 (UTM Zone 44N),Zonal raster aggregation with coastal land-masking,VERIFIED
56,56,Ward 56 (Royapuram),5,Royapuram,10.6,4.0,16.0,11.0,2.4,2.97,5.18,12.0,0.0,False,MODERATE_RUNOFF,1653,Copernicus GLO-30 / NASA SRTM 30m (AWS Terrain Open Data),EPSG:32644 (UTM Zone 44N),Zonal raster aggregation with coastal land-masking,VERIFIED
57,57,Ward 57 (Royapuram),5,Royapuram,11.3,1.0,19.0,12.0,3.7,2.92,5.09,18.0,0.027,False,MODERATE_RUNOFF,2656,Copernicus GLO-30 / NASA SRTM 30m (AWS Terrain Open Data),EPSG:32644 (UTM Zone 44N),Zonal raster aggregation with coastal land-masking,VERIFIED
58,58,Ward 58 (Royapuram),5,Royapuram,9.1,0.0,22.0,9.0,2.6,3.11,5.44,22.0,0.026,False,MODERATE_RUNOFF,7551,Copernicus GLO-30 / NASA SRTM 30m (AWS Terrain Open Data),EPSG:32644 (UTM Zone 44N),Zonal raster aggregation with coastal land-masking,VERIFIED
59,59,Ward 59 (Royapuram),5,Royapuram,7.7,0.0,28.0,7.0,4.0,3.35,5.85,28.0,0.154,False,MODERATE_RUNOFF,8103,Copernicus GLO-30 / NASA SRTM 30m (AWS Terrain Open Data),EPSG:32644 (UTM Zone 44N),Zonal raster aggregation with coastal land-masking,VERIFIED
60,60,Ward 60 (Royapuram),5,Royapuram,6.6,0.0,29.0,6.0,3.9,3.45,6.03,29.0,0.216,False,MODERATE_RUNOFF,14674,Copernicus GLO-30 / NASA SRTM 30m (AWS Terrain Open Data),EPSG:32644 (UTM Zone 44N),Zonal raster aggregation with coastal land-masking,VERIFIED
61,61,Ward 61 (Royapuram),5,Royapuram,10.3,1.0,25.0,10.0,2.9,3.16,5.52,24.0,0.013,False,MODERATE_RUNOFF,6459,Copernicus GLO-30 / NASA SRTM 30m (AWS Terrain Open Data),EPSG:32644 (UTM Zone 44N),Zonal raster aggregation with coastal land-masking,VERIFIED
62,62,Ward 62 (Royapuram),5,Royapuram,7.5,0.0,14.0,8.0,2.3,2.82,4.93,14.0,0.055,False,MODERATE_RUNOFF,2429,Copernicus GLO-30 / NASA SRTM 30m (AWS Terrain Open Data),EPSG:32644 (UTM Zone 44N),Zonal raster aggregation with coastal land-masking,VERIFIED
63,63,Ward 63 (Royapuram),5,Royapuram,8.8,2.0,17.0,9.0,2.5,2.88,5.03,15.0,0.017,False,MODERATE_RUNOFF,2811,Copernicus GLO-30 / NASA SRTM 30m (AWS Terrain Open Data),EPSG:32644 (UTM Zone 44N),Zonal raster aggregation with coastal land-masking,VERIFIED
64,64,Ward 64 (Thiru. Vi. Ka. Nagar),6,Thiru. Vi. Ka. Nagar,12.4,3.0,19.0,13.0,2.2,2.53,4.42,16.0,0.001,False,MODERATE_RUNOFF,4613,Copernicus GLO-30 / NASA SRTM 30m (AWS Terrain Open Data),EPSG:32644 (UTM Zone 44N),Zonal raster aggregation with coastal land-masking,VERIFIED
65,65,Ward 65 (Thiru. Vi. Ka. Nagar),6,Thiru. Vi. Ka. Nagar,10.9,4.0,17.0,11.0,2.3,2.47,4.31,13.0,0.0,False,NORMAL_GRADIENT,5482,Copernicus GLO-30 / NASA SRTM 30m (AWS Terrain Open Data),EPSG:32644 (UTM Zone 44N),Zonal raster aggregation with coastal land-masking,VERIFIED
66,66,Ward 66 (Thiru. Vi. Ka. Nagar),6,Thiru. Vi. Ka. Nagar,10.4,6.0,15.0,10.0,1.8,2.45,4.27,9.0,0.0,False,NORMAL_GRADIENT,3007,Copernicus GLO-30 / NASA SRTM 30m (AWS Terrain Open Data),EPSG:32644 (UTM Zone 44N),Zonal raster aggregation with coastal land-masking,VERIFIED
67,67,Ward 67 (Thiru. Vi. Ka. Nagar),6,Thiru. Vi. Ka. Nagar,10.0,4.0,15.0,10.0,1.7,2.56,4.46,11.0,0.0,False,MODERATE_RUNOFF,2612,Copernicus GLO-30 / NASA SRTM 30m (AWS Terrain Open Data),EPSG:32644 (UTM Zone 44N),Zonal raster aggregation with coastal land-masking,VERIFIED
68,68,Ward 68 (Thiru. Vi. Ka. Nagar),6,Thiru. Vi. Ka. Nagar,12.7,6.0,18.0,13.0,1.9,2.44,4.26,12.0,0.0,False,NORMAL_GRADIENT,4041,Copernicus GLO-30 / NASA SRTM 30m (AWS Terrain Open Data),EPSG:32644 (UTM Zone 44N),Zonal raster aggregation with coastal land-masking,VERIFIED
69,69,Ward 69 (Thiru. Vi. Ka. Nagar),6,Thiru. Vi. Ka. Nagar,11.8,7.0,17.0,12.0,1.7,2.53,4.42,10.0,0.0,False,MODERATE_RUNOFF,3056,Copernicus GLO-30 / NASA SRTM 30m (AWS Terrain Open Data),EPSG:32644 (UTM Zone 44N),Zonal raster aggregation with coastal land-masking,VERIFIED
70,70,Ward 70 (Thiru. Vi. Ka. Nagar),6,Thiru. Vi. Ka. Nagar,10.3,3.0,20.0,10.0,2.4,2.71,4.73,17.0,0.001,False,MODERATE_RUNOFF,5055,Copernicus GLO-30 / NASA SRTM 30m (AWS Terrain Open Data),EPSG:32644 (UTM Zone 44N),Zonal raster aggregation with coastal land-masking,VERIFIED
71,71,Ward 71 (Thiru. Vi. Ka. Nagar),6,Thiru. Vi. Ka. Nagar,7.8,0.0,15.0,8.0,2.6,2.76,4.82,15.0,0.059,False,MODERATE_RUNOFF,4469,Copernicus GLO-30 / NASA SRTM 30m (AWS Terrain Open Data),EPSG:32644 (UTM Zone 44N),Zonal raster aggregation with coastal land-masking,VERIFIED
72,72,Ward 72 (Thiru. Vi. Ka. Nagar),6,Thiru. Vi. Ka. Nagar,5.9,0.0,19.0,6.0,2.1,2.76,4.82,19.0,0.112,True,MODERATE_RUNOFF,3832,Copernicus GLO-30 / NASA SRTM 30m (AWS Terrain Open Data),EPSG:32644 (UTM Zone 44N),Zonal raster aggregation with coastal land-masking,VERIFIED
73,73,Ward 73 (Thiru. Vi. Ka. Nagar),6,Thiru. Vi. Ka. Nagar,7.1,1.0,12.0,7.0,1.8,2.51,4.38,11.0,0.032,False,MODERATE_RUNOFF,2702,Copernicus GLO-30 / NASA SRTM 30m (AWS Terrain Open Data),EPSG:32644 (UTM Zone 44N),Zonal raster aggregation with coastal land-masking,VERIFIED
74,74,Ward 74 (Thiru. Vi. Ka. Nagar),6,Thiru. Vi. Ka. Nagar,8.0,2.0,16.0,8.0,2.1,2.72,4.76,14.0,0.011,False,MODERATE_RUNOFF,2762,Copernicus GLO-30 / NASA SRTM 30m (AWS Terrain Open Data),EPSG:32644 (UTM Zone 44N),Zonal raster aggregation with coastal land-masking,VERIFIED
75,75,Ward 75 (Thiru. Vi. Ka. Nagar),6,Thiru. Vi. Ka. Nagar,9.3,1.0,17.0,9.0,2.7,2.75,4.81,16.0,0.019,False,MODERATE_RUNOFF,2779,Copernicus GLO-30 / NASA SRTM 30m (AWS Terrain Open Data),EPSG:32644 (UTM Zone 44N),Zonal raster aggregation with coastal land-masking,VERIFIED
76,76,Ward 76 (Thiru. Vi. Ka. Nagar),6,Thiru. Vi. Ka. Nagar,7.3,2.0,12.0,7.0,1.6,2.44,4.25,10.0,0.011,False,NORMAL_GRADIENT,1784,Copernicus GLO-30 / NASA SRTM 30m (AWS Terrain Open Data),EPSG:32644 (UTM Zone 44N),Zonal raster aggregation with coastal land-masking,VERIFIED
77,77,Ward 77 (Thiru. Vi. Ka. Nagar),6,Thiru. Vi. Ka. Nagar,6.0,0.0,10.0,6.0,1.8,2.49,4.36,10.0,0.102,True,NORMAL_GRADIENT,1673,Copernicus GLO-30 / NASA SRTM 30m (AWS Terrain Open Data),EPSG:32644 (UTM Zone 44N),Zonal raster aggregation with coastal land-masking,VERIFIED
78,78,Ward 78 (Thiru. Vi. Ka. Nagar),6,Thiru. Vi. Ka. Nagar,8.4,4.0,13.0,8.0,1.7,2.41,4.21,9.0,0.0,False,NORMAL_GRADIENT,1958,Copernicus GLO-30 / NASA SRTM 30m (AWS Terrain Open Data),EPSG:32644 (UTM Zone 44N),Zonal raster aggregation with coastal land-masking,VERIFIED
79,79,Ward 79 (Ambattur),7,Ambattur,22.0,10.0,34.0,22.0,5.0,2.33,4.07,24.0,0.0,False,NORMAL_GRADIENT,6098,Copernicus GLO-30 / NASA SRTM 30m (AWS Terrain Open Data),EPSG:32644 (UTM Zone 44N),Zonal raster aggregation with coastal land-masking,VERIFIED
80,80,Ward 80 (Ambattur),7,Ambattur,22.0,11.0,31.0,22.0,4.0,2.42,4.23,20.0,0.0,False,NORMAL_GRADIENT,4328,Copernicus GLO-30 / NASA SRTM 30m (AWS Terrain Open Data),EPSG:32644 (UTM Zone 44N),Zonal raster aggregation with coastal land-masking,VERIFIED
81,81,Ward 81 (Ambattur),7,Ambattur,25.8,13.0,33.0,26.0,3.4,2.28,3.99,20.0,0.0,False,NORMAL_GRADIENT,4838,Copernicus GLO-30 / NASA SRTM 30m (AWS Terrain Open Data),EPSG:32644 (UTM Zone 44N),Zonal raster aggregation with coastal land-masking,VERIFIED
82,82,Ward 82 (Ambattur),7,Ambattur,16.9,8.0,31.0,17.0,3.8,2.7,4.72,23.0,0.0,False,MODERATE_RUNOFF,11290,Copernicus GLO-30 / NASA SRTM 30m (AWS Terrain Open Data),EPSG:32644 (UTM Zone 44N),Zonal raster aggregation with coastal land-masking,VERIFIED
83,83,Ward 83 (Ambattur),7,Ambattur,12.6,0.0,26.0,12.0,3.0,2.71,4.74,26.0,0.001,False,MODERATE_RUNOFF,19321,Copernicus GLO-30 / NASA SRTM 30m (AWS Terrain Open Data),EPSG:32644 (UTM Zone 44N),Zonal raster aggregation with coastal land-masking,VERIFIED
84,84,Ward 84 (Ambattur),7,Ambattur,15.9,7.0,23.0,16.0,1.9,2.27,3.96,16.0,0.0,False,NORMAL_GRADIENT,9135,Copernicus GLO-30 / NASA SRTM 30m (AWS Terrain Open Data),EPSG:32644 (UTM Zone 44N),Zonal raster aggregation with coastal land-masking,VERIFIED
85,85,Ward 85 (Ambattur),7,Ambattur,17.5,8.0,29.0,17.0,3.2,2.33,4.07,21.0,0.0,False,NORMAL_GRADIENT,12767,Copernicus GLO-30 / NASA SRTM 30m (AWS Terrain Open Data),EPSG:32644 (UTM Zone 44N),Zonal raster aggregation with coastal land-masking,VERIFIED
86,86,Ward 86 (Ambattur),7,Ambattur,16.5,10.0,26.0,16.0,2.1,2.41,4.2,16.0,0.0,False,NORMAL_GRADIENT,18201,Copernicus GLO-30 / NASA SRTM 30m (AWS Terrain Open Data),EPSG:32644 (UTM Zone 44N),Zonal raster aggregation with coastal land-masking,VERIFIED
87,87,Ward 87 (Ambattur),7,Ambattur,16.5,11.0,23.0,16.0,1.8,2.51,4.38,12.0,0.0,False,MODERATE_RUNOFF,2778,Copernicus GLO-30 / NASA SRTM 30m (AWS Terrain Open Data),EPSG:32644 (UTM Zone 44N),Zonal raster aggregation with coastal land-masking,VERIFIED
88,88,Ward 88 (Ambattur),7,Ambattur,15.1,8.0,22.0,15.0,2.3,2.58,4.5,14.0,0.0,False,MODERATE_RUNOFF,6614,Copernicus GLO-30 / NASA SRTM 30m (AWS Terrain Open Data),EPSG:32644 (UTM Zone 44N),Zonal raster aggregation with coastal land-masking,VERIFIED
89,89,Ward 89 (Ambattur),7,Ambattur,16.0,9.0,22.0,16.0,2.0,2.47,4.32,13.0,0.0,False,NORMAL_GRADIENT,2907,Copernicus GLO-30 / NASA SRTM 30m (AWS Terrain Open Data),EPSG:32644 (UTM Zone 44N),Zonal raster aggregation with coastal land-masking,VERIFIED
90,90,Ward 90 (Ambattur),7,Ambattur,13.4,5.0,20.0,14.0,2.6,2.55,4.45,15.0,0.0,False,MODERATE_RUNOFF,3154,Copernicus GLO-30 / NASA SRTM 30m (AWS Terrain Open Data),EPSG:32644 (UTM Zone 44N),Zonal raster aggregation with coastal land-masking,VERIFIED
91,91,Ward 91 (Ambattur),7,Ambattur,14.0,7.0,20.0,14.0,2.0,2.19,3.82,13.0,0.0,False,NORMAL_GRADIENT,3538,Copernicus GLO-30 / NASA SRTM 30m (AWS Terrain Open Data),EPSG:32644 (UTM Zone 44N),Zonal raster aggregation with coastal land-masking,VERIFIED
92,92,Ward 92 (Ambattur),7,Ambattur,14.8,7.0,30.0,15.0,2.2,2.47,4.31,23.0,0.0,False,NORMAL_GRADIENT,3028,Copernicus GLO-30 / NASA SRTM 30m (AWS Terrain Open Data),EPSG:32644 (UTM Zone 44N),Zonal raster aggregation with coastal land-masking,VERIFIED
93,93,Ward 93 (Ambattur),7,Ambattur,12.1,5.0,25.0,12.0,2.8,2.42,4.22,20.0,0.0,False,NORMAL_GRADIENT,4109,Copernicus GLO-30 / NASA SRTM 30m (AWS Terrain Open Data),EPSG:32644 (UTM Zone 44N),Zonal raster aggregation with coastal land-masking,VERIFIED
94,94,Ward 94 (Anna Nagar),8,Anna Nagar,13.5,8.0,19.0,14.0,1.8,2.48,4.34,11.0,0.0,False,NORMAL_GRADIENT,4377,Copernicus GLO-30 / NASA SRTM 30m (AWS Terrain Open Data),EPSG:32644 (UTM Zone 44N),Zonal raster aggregation with coastal land-masking,VERIFIED
95,95,Ward 95 (Anna Nagar),8,Anna Nagar,12.8,6.0,19.0,13.0,1.9,2.58,4.51,13.0,0.0,False,MODERATE_RUNOFF,6811,Copernicus GLO-30 / NASA SRTM 30m (AWS Terrain Open Data),EPSG:32644 (UTM Zone 44N),Zonal raster aggregation with coastal land-masking,VERIFIED
96,96,Ward 96 (Anna Nagar),8,Anna Nagar,11.9,0.0,22.0,12.0,2.4,2.93,5.12,22.0,0.002,False,MODERATE_RUNOFF,8008,Copernicus GLO-30 / NASA SRTM 30m (AWS Terrain Open Data),EPSG:32644 (UTM Zone 44N),Zonal raster aggregation with coastal land-masking,VERIFIED
97,97,Ward 97 (Anna Nagar),8,Anna Nagar,12.0,6.0,17.0,12.0,1.7,2.6,4.54,11.0,0.0,False,MODERATE_RUNOFF,2164,Copernicus GLO-30 / NASA SRTM 30m (AWS Terrain Open Data),EPSG:32644 (UTM Zone 44N),Zonal raster aggregation with coastal land-masking,VERIFIED
98,98,Ward 98 (Anna Nagar),8,Anna Nagar,11.8,3.0,20.0,12.0,2.7,2.91,5.09,17.0,0.0,False,MODERATE_RUNOFF,4177,Copernicus GLO-30 / NASA SRTM 30m (AWS Terrain Open Data),EPSG:32644 (UTM Zone 44N),Zonal raster aggregation with coastal land-masking,VERIFIED
99,99,Ward 99 (Anna Nagar),8,Anna Nagar,9.8,1.0,20.0,10.0,3.0,2.88,5.04,19.0,0.02,False,MODERATE_RUNOFF,3783,Copernicus GLO-30 / NASA SRTM 30m (AWS Terrain Open Data),EPSG:32644 (UTM Zone 44N),Zonal raster aggregation with coastal land-masking,VERIFIED
100,100,Ward 100 (Anna Nagar),8,Anna Nagar,12.5,3.0,21.0,13.0,2.3,2.89,5.06,18.0,0.0,False,MODERATE_RUNOFF,6416,Copernicus GLO-30 / NASA SRTM 30m (AWS Terrain Open Data),EPSG:32644 (UTM Zone 44N),Zonal raster aggregation with coastal land-masking,VERIFIED
101,101,Ward 101 (Anna Nagar),8,Anna Nagar,12.2,5.0,20.0,12.0,2.3,2.66,4.64,15.0,0.0,False,MODERATE_RUNOFF,4433,Copernicus GLO-30 / NASA SRTM 30m (AWS Terrain Open Data),EPSG:32644 (UTM Zone 44N),Zonal raster aggregation with coastal land-masking,VERIFIED
102,102,Ward 102 (Anna Nagar),8,Anna Nagar,13.0,6.0,21.0,13.0,2.4,2.69,4.71,15.0,0.0,False,MODERATE_RUNOFF,5218,Copernicus GLO-30 / NASA SRTM 30m (AWS Terrain Open Data),EPSG:32644 (UTM Zone 44N),Zonal raster aggregation with coastal land-masking,VERIFIED
103,103,Ward 103 (Anna Nagar),8,Anna Nagar,13.4,2.0,21.0,14.0,2.8,2.83,4.94,19.0,0.002,False,MODERATE_RUNOFF,7118,Copernicus GLO-30 / NASA SRTM 30m (AWS Terrain Open Data),EPSG:32644 (UTM Zone 44N),Zonal raster aggregation with coastal land-masking,VERIFIED
104,104,Ward 104 (Anna Nagar),8,Anna Nagar,14.3,7.0,24.0,14.0,2.0,2.52,4.4,17.0,0.0,False,MODERATE_RUNOFF,6659,Copernicus GLO-30 / NASA SRTM 30m (AWS Terrain Open Data),EPSG:32644 (UTM Zone 44N),Zonal raster aggregation with coastal land-masking,VERIFIED
105,105,Ward 105 (Anna Nagar),8,Anna Nagar,13.3,6.0,20.0,13.0,2.3,2.65,4.62,14.0,0.0,False,MODERATE_RUNOFF,3812,Copernicus GLO-30 / NASA SRTM 30m (AWS Terrain Open Data),EPSG:32644 (UTM Zone 44N),Zonal raster aggregation with coastal land-masking,VERIFIED
106,106,Ward 106 (Anna Nagar),8,Anna Nagar,12.2,6.0,18.0,12.0,1.8,2.47,4.32,12.0,0.0,False,NORMAL_GRADIENT,2590,Copernicus GLO-30 / NASA SRTM 30m (AWS Terrain Open Data),EPSG:32644 (UTM Zone 44N),Zonal raster aggregation with coastal land-masking,VERIFIED
107,107,Ward 107 (Anna Nagar),8,Anna Nagar,12.2,1.0,25.0,12.0,2.4,2.82,4.93,24.0,0.002,False,MODERATE_RUNOFF,3634,Copernicus GLO-30 / NASA SRTM 30m (AWS Terrain Open Data),EPSG:32644 (UTM Zone 44N),Zonal raster aggregation with coastal land-masking,VERIFIED
108,108,Ward 108 (Anna Nagar),8,Anna Nagar,12.2,0.0,25.0,12.0,2.9,3.25,5.68,25.0,0.004,False,MODERATE_RUNOFF,4447,Copernicus GLO-30 / NASA SRTM 30m (AWS Terrain Open Data),EPSG:32644 (UTM Zone 44N),Zonal raster aggregation with coastal land-masking,VERIFIED
109,109,Ward 109 (Teynampet),9,Teynampet,12.4,2.0,19.0,13.0,2.3,2.62,4.57,17.0,0.003,False,MODERATE_RUNOFF,2750,Copernicus GLO-30 / NASA SRTM 30m (AWS Terrain Open Data),EPSG:32644 (UTM Zone 44N),Zonal raster aggregation with coastal land-masking,VERIFIED
110,110,Ward 110 (Teynampet),9,Teynampet,12.8,2.0,22.0,13.0,2.8,3.07,5.36,20.0,0.002,False,MODERATE_RUNOFF,5981,Copernicus GLO-30 / NASA SRTM 30m (AWS Terrain Open Data),EPSG:32644 (UTM Zone 44N),Zonal raster aggregation with coastal land-masking,VERIFIED
111,111,Ward 111 (Teynampet),9,Teynampet,12.2,0.0,24.0,12.0,2.8,3.25,5.67,24.0,0.006,False,MODERATE_RUNOFF,7911,Copernicus GLO-30 / NASA SRTM 30m (AWS Terrain Open Data),EPSG:32644 (UTM Zone 44N),Zonal raster aggregation with coastal land-masking,VERIFIED
112,112,Ward 112 (Teynampet),9,Teynampet,13.4,7.0,22.0,13.0,2.1,2.54,4.44,15.0,0.0,False,MODERATE_RUNOFF,3084,Copernicus GLO-30 / NASA SRTM 30m (AWS Terrain Open Data),EPSG:32644 (UTM Zone 44N),Zonal raster aggregation with coastal land-masking,VERIFIED
113,113,Ward 113 (Teynampet),9,Teynampet,13.2,5.0,28.0,13.0,2.2,2.78,4.86,23.0,0.0,False,MODERATE_RUNOFF,4928,Copernicus GLO-30 / NASA SRTM 30m (AWS Terrain Open Data),EPSG:32644 (UTM Zone 44N),Zonal raster aggregation with coastal land-masking,VERIFIED
114,114,Ward 114 (Teynampet),9,Teynampet,7.6,0.0,30.0,9.0,4.6,2.93,5.11,30.0,0.263,False,MODERATE_RUNOFF,5093,Copernicus GLO-30 / NASA SRTM 30m (AWS Terrain Open Data),EPSG:32644 (UTM Zone 44N),Zonal raster aggregation with coastal land-masking,VERIFIED
115,115,Ward 115 (Teynampet),9,Teynampet,10.5,6.0,16.0,10.0,1.7,2.45,4.28,10.0,0.0,False,NORMAL_GRADIENT,2472,Copernicus GLO-30 / NASA SRTM 30m (AWS Terrain Open Data),EPSG:32644 (UTM Zone 44N),Zonal raster aggregation with coastal land-masking,VERIFIED
116,116,Ward 116 (Teynampet),9,Teynampet,9.6,2.0,16.0,10.0,2.2,2.66,4.64,14.0,0.013,False,MODERATE_RUNOFF,1978,Copernicus GLO-30 / NASA SRTM 30m (AWS Terrain Open Data),EPSG:32644 (UTM Zone 44N),Zonal raster aggregation with coastal land-masking,VERIFIED
117,117,Ward 117 (Kodambakkam),10,Kodambakkam,12.3,5.0,20.0,12.0,2.3,2.82,4.93,15.0,0.0,False,MODERATE_RUNOFF,3867,Copernicus GLO-30 / NASA SRTM 30m (AWS Terrain Open Data),EPSG:32644 (UTM Zone 44N),Zonal raster aggregation with coastal land-masking,VERIFIED
118,118,Ward 118 (Teynampet),9,Teynampet,12.5,5.0,42.0,12.0,3.0,3.07,5.35,37.0,0.0,False,MODERATE_RUNOFF,5559,Copernicus GLO-30 / NASA SRTM 30m (AWS Terrain Open Data),EPSG:32644 (UTM Zone 44N),Zonal raster aggregation with coastal land-masking,VERIFIED
119,119,Ward 119 (Teynampet),9,Teynampet,10.8,5.0,17.0,11.0,1.9,2.44,4.27,12.0,0.0,False,NORMAL_GRADIENT,4039,Copernicus GLO-30 / NASA SRTM 30m (AWS Terrain Open Data),EPSG:32644 (UTM Zone 44N),Zonal raster aggregation with coastal land-masking,VERIFIED
120,120,Ward 120 (Teynampet),9,Teynampet,8.9,1.0,17.0,9.0,2.3,2.85,4.98,16.0,0.014,False,MODERATE_RUNOFF,1552,Copernicus GLO-30 / NASA SRTM 30m (AWS Terrain Open Data),EPSG:32644 (UTM Zone 44N),Zonal raster aggregation with coastal land-masking,VERIFIED
121,121,Ward 121 (Teynampet),9,Teynampet,9.3,2.0,18.0,9.0,2.1,2.78,4.86,16.0,0.002,False,MODERATE_RUNOFF,2695,Copernicus GLO-30 / NASA SRTM 30m (AWS Terrain Open Data),EPSG:32644 (UTM Zone 44N),Zonal raster aggregation with coastal land-masking,VERIFIED
122,122,Ward 122 (Teynampet),9,Teynampet,10.9,0.0,19.0,11.0,3.0,3.09,5.4,19.0,0.028,False,MODERATE_RUNOFF,5256,Copernicus GLO-30 / NASA SRTM 30m (AWS Terrain Open Data),EPSG:32644 (UTM Zone 44N),Zonal raster aggregation with coastal land-masking,VERIFIED
123,123,Ward 123 (Teynampet),9,Teynampet,11.3,1.0,18.0,11.0,2.0,2.51,4.38,17.0,0.002,False,MODERATE_RUNOFF,6521,Copernicus GLO-30 / NASA SRTM 30m (AWS Terrain Open Data),EPSG:32644 (UTM Zone 44N),Zonal raster aggregation with coastal land-masking,VERIFIED
124,124,Ward 124 (Teynampet),9,Teynampet,10.0,0.0,16.0,10.0,2.3,2.63,4.6,16.0,0.009,False,MODERATE_RUNOFF,2982,Copernicus GLO-30 / NASA SRTM 30m (AWS Terrain Open Data),EPSG:32644 (UTM Zone 44N),Zonal raster aggregation with coastal land-masking,VERIFIED
125,125,Ward 125 (Teynampet),9,Teynampet,9.4,1.0,17.0,10.0,3.2,2.72,4.74,16.0,0.052,False,MODERATE_RUNOFF,3607,Copernicus GLO-30 / NASA SRTM 30m (AWS Terrain Open Data),EPSG:32644 (UTM Zone 44N),Zonal raster aggregation with coastal land-masking,VERIFIED
126,126,Ward 126 (Teynampet),9,Teynampet,8.7,1.0,14.0,9.0,2.3,2.5,4.37,13.0,0.017,False,MODERATE_RUNOFF,3029,Copernicus GLO-30 / NASA SRTM 30m (AWS Terrain Open Data),EPSG:32644 (UTM Zone 44N),Zonal raster aggregation with coastal land-masking,VERIFIED
127,127,Ward 127 (Kodambakkam),10,Kodambakkam,12.4,5.0,30.0,13.0,2.5,2.51,4.39,25.0,0.0,False,MODERATE_RUNOFF,11221,Copernicus GLO-30 / NASA SRTM 30m (AWS Terrain Open Data),EPSG:32644 (UTM Zone 44N),Zonal raster aggregation with coastal land-masking,VERIFIED
128,128,Ward 128 (Kodambakkam),10,Kodambakkam,15.0,9.0,20.0,15.0,1.7,2.06,3.6,11.0,0.0,False,NORMAL_GRADIENT,4638,Copernicus GLO-30 / NASA SRTM 30m (AWS Terrain Open Data),EPSG:32644 (UTM Zone 44N),Zonal raster aggregation with coastal land-masking,VERIFIED
129,129,Ward 129 (Kodambakkam),10,Kodambakkam,14.3,8.0,24.0,14.0,2.1,2.42,4.23,16.0,0.0,False,NORMAL_GRADIENT,5543,Copernicus GLO-30 / NASA SRTM 30m (AWS Terrain Open Data),EPSG:32644 (UTM Zone 44N),Zonal raster aggregation with coastal land-masking,VERIFIED
130,130,Ward 130 (Kodambakkam),10,Kodambakkam,13.6,6.0,24.0,13.0,2.1,2.66,4.65,18.0,0.0,False,MODERATE_RUNOFF,3504,Copernicus GLO-30 / NASA SRTM 30m (AWS Terrain Open Data),EPSG:32644 (UTM Zone 44N),Zonal raster aggregation with coastal land-masking,VERIFIED
131,131,Ward 131 (Kodambakkam),10,Kodambakkam,14.1,8.0,19.0,14.0,1.7,2.43,4.24,11.0,0.0,False,NORMAL_GRADIENT,3038,Copernicus GLO-30 / NASA SRTM 30m (AWS Terrain Open Data),EPSG:32644 (UTM Zone 44N),Zonal raster aggregation with coastal land-masking,VERIFIED
132,132,Ward 132 (Kodambakkam),10,Kodambakkam,13.7,8.0,21.0,14.0,1.8,2.7,4.71,13.0,0.0,False,MODERATE_RUNOFF,3199,Copernicus GLO-30 / NASA SRTM 30m (AWS Terrain Open Data),EPSG:32644 (UTM Zone 44N),Zonal raster aggregation with coastal land-masking,VERIFIED
133,133,Ward 133 (Kodambakkam),10,Kodambakkam,13.1,2.0,21.0,13.0,1.9,2.72,4.74,19.0,0.001,False,MODERATE_RUNOFF,5354,Copernicus GLO-30 / NASA SRTM 30m (AWS Terrain Open Data),EPSG:32644 (UTM Zone 44N),Zonal raster aggregation with coastal land-masking,VERIFIED
134,134,Ward 134 (Kodambakkam),10,Kodambakkam,13.0,8.0,18.0,13.0,1.6,2.49,4.36,10.0,0.0,False,NORMAL_GRADIENT,2757,Copernicus GLO-30 / NASA SRTM 30m (AWS Terrain Open Data),EPSG:32644 (UTM Zone 44N),Zonal raster aggregation with coastal land-masking,VERIFIED
135,135,Ward 135 (Kodambakkam),10,Kodambakkam,14.0,6.0,20.0,14.0,1.8,2.4,4.18,14.0,0.0,False,NORMAL_GRADIENT,4305,Copernicus GLO-30 / NASA SRTM 30m (AWS Terrain Open Data),EPSG:32644 (UTM Zone 44N),Zonal raster aggregation with coastal land-masking,VERIFIED
136,136,Ward 136 (Kodambakkam),10,Kodambakkam,14.5,9.0,20.0,15.0,1.8,2.22,3.87,11.0,0.0,False,NORMAL_GRADIENT,3476,Copernicus GLO-30 / NASA SRTM 30m (AWS Terrain Open Data),EPSG:32644 (UTM Zone 44N),Zonal raster aggregation with coastal land-masking,VERIFIED
137,137,Ward 137 (Kodambakkam),10,Kodambakkam,13.9,2.0,20.0,15.0,3.3,2.38,4.15,18.0,0.005,False,NORMAL_GRADIENT,4730,Copernicus GLO-30 / NASA SRTM 30m (AWS Terrain Open Data),EPSG:32644 (UTM Zone 44N),Zonal raster aggregation with coastal land-masking,VERIFIED
138,138,Ward 138 (Kodambakkam),10,Kodambakkam,12.3,1.0,19.0,13.0,2.6,2.28,3.99,18.0,0.004,False,NORMAL_GRADIENT,3682,Copernicus GLO-30 / NASA SRTM 30m (AWS Terrain Open Data),EPSG:32644 (UTM Zone 44N),Zonal raster aggregation with coastal land-masking,VERIFIED
139,139,Ward 139 (Kodambakkam),10,Kodambakkam,11.2,1.0,17.0,12.0,2.8,2.3,4.01,16.0,0.025,False,NORMAL_GRADIENT,2114,Copernicus GLO-30 / NASA SRTM 30m (AWS Terrain Open Data),EPSG:32644 (UTM Zone 44N),Zonal raster aggregation with coastal land-masking,VERIFIED
140,140,Ward 140 (Kodambakkam),10,Kodambakkam,11.1,5.0,16.0,11.0,1.9,2.39,4.18,11.0,0.0,False,NORMAL_GRADIENT,2225,Copernicus GLO-30 / NASA SRTM 30m (AWS Terrain Open Data),EPSG:32644 (UTM Zone 44N),Zonal raster aggregation with coastal land-masking,VERIFIED
141,141,Ward 141 (Kodambakkam),10,Kodambakkam,10.6,5.0,19.0,11.0,2.0,2.64,4.62,14.0,0.0,False,MODERATE_RUNOFF,2261,Copernicus GLO-30 / NASA SRTM 30m (AWS Terrain Open Data),EPSG:32644 (UTM Zone 44N),Zonal raster aggregation with coastal land-masking,VERIFIED
142,142,Ward 142 (Kodambakkam),10,Kodambakkam,11.2,0.0,24.0,12.0,2.9,2.48,4.34,24.0,0.021,False,NORMAL_GRADIENT,3081,Copernicus GLO-30 / NASA SRTM 30m (AWS Terrain Open Data),EPSG:32644 (UTM Zone 44N),Zonal raster aggregation with coastal land-masking,VERIFIED
143,143,Ward 143 (Valasaravakkam),11,Valasaravakkam,12.5,5.0,20.0,13.0,2.0,2.59,4.52,15.0,0.0,False,MODERATE_RUNOFF,7562,Copernicus GLO-30 / NASA SRTM 30m (AWS Terrain Open Data),EPSG:32644 (UTM Zone 44N),Zonal raster aggregation with coastal land-masking,VERIFIED
144,144,Ward 144 (Valasaravakkam),11,Valasaravakkam,13.1,4.0,20.0,13.0,2.8,2.62,4.58,16.0,0.0,False,MODERATE_RUNOFF,4046,Copernicus GLO-30 / NASA SRTM 30m (AWS Terrain Open Data),EPSG:32644 (UTM Zone 44N),Zonal raster aggregation with coastal land-masking,VERIFIED
145,145,Ward 145 (Valasaravakkam),11,Valasaravakkam,12.2,5.0,19.0,12.0,2.0,2.15,3.76,14.0,0.0,False,NORMAL_GRADIENT,4403,Copernicus GLO-30 / NASA SRTM 30m (AWS Terrain Open Data),EPSG:32644 (UTM Zone 44N),Zonal raster aggregation with coastal land-masking,VERIFIED
146,146,Ward 146 (Valasaravakkam),11,Valasaravakkam,13.8,7.0,22.0,14.0,2.2,2.54,4.43,15.0,0.0,False,MODERATE_RUNOFF,3147,Copernicus GLO-30 / NASA SRTM 30m (AWS Terrain Open Data),EPSG:32644 (UTM Zone 44N),Zonal raster aggregation with coastal land-masking,VERIFIED
147,147,Ward 147 (Valasaravakkam),11,Valasaravakkam,14.1,7.0,21.0,14.0,2.2,2.48,4.33,14.0,0.0,False,NORMAL_GRADIENT,5959,Copernicus GLO-30 / NASA SRTM 30m (AWS Terrain Open Data),EPSG:32644 (UTM Zone 44N),Zonal raster aggregation with coastal land-masking,VERIFIED
148,148,Ward 148 (Valasaravakkam),11,Valasaravakkam,11.5,6.0,17.0,11.0,1.7,2.14,3.74,11.0,0.0,False,NORMAL_GRADIENT,2580,Copernicus GLO-30 / NASA SRTM 30m (AWS Terrain Open Data),EPSG:32644 (UTM Zone 44N),Zonal raster aggregation with coastal land-masking,VERIFIED
149,149,Ward 149 (Valasaravakkam),11,Valasaravakkam,14.7,8.0,20.0,15.0,2.2,2.34,4.09,12.0,0.0,False,NORMAL_GRADIENT,4135,Copernicus GLO-30 / NASA SRTM 30m (AWS Terrain Open Data),EPSG:32644 (UTM Zone 44N),Zonal raster aggregation with coastal land-masking,VERIFIED
150,150,Ward 150 (Valasaravakkam),11,Valasaravakkam,16.4,5.0,34.0,16.0,2.8,2.86,4.99,29.0,0.0,False,MODERATE_RUNOFF,10286,Copernicus GLO-30 / NASA SRTM 30m (AWS Terrain Open Data),EPSG:32644 (UTM Zone 44N),Zonal raster aggregation with coastal land-masking,VERIFIED
151,151,Ward 151 (Valasaravakkam),11,Valasaravakkam,16.2,10.0,22.0,16.0,2.4,2.49,4.35,12.0,0.0,False,NORMAL_GRADIENT,4844,Copernicus GLO-30 / NASA SRTM 30m (AWS Terrain Open Data),EPSG:32644 (UTM Zone 44N),Zonal raster aggregation with coastal land-masking,VERIFIED
152,152,Ward 152 (Valasaravakkam),11,Valasaravakkam,16.0,9.0,21.0,16.0,2.1,2.54,4.44,12.0,0.0,False,MODERATE_RUNOFF,4662,Copernicus GLO-30 / NASA SRTM 30m (AWS Terrain Open Data),EPSG:32644 (UTM Zone 44N),Zonal raster aggregation with coastal land-masking,VERIFIED
153,153,Ward 153 (Valasaravakkam),11,Valasaravakkam,15.3,0.0,26.0,15.0,2.3,2.57,4.49,26.0,0.001,False,MODERATE_RUNOFF,6607,Copernicus GLO-30 / NASA SRTM 30m (AWS Terrain Open Data),EPSG:32644 (UTM Zone 44N),Zonal raster aggregation with coastal land-masking,VERIFIED
154,154,Ward 154 (Valasaravakkam),11,Valasaravakkam,14.0,8.0,23.0,14.0,2.0,2.38,4.16,15.0,0.0,False,NORMAL_GRADIENT,3408,Copernicus GLO-30 / NASA SRTM 30m (AWS Terrain Open Data),EPSG:32644 (UTM Zone 44N),Zonal raster aggregation with coastal land-masking,VERIFIED
155,155,Ward 155 (Valasaravakkam),11,Valasaravakkam,13.2,3.0,25.0,14.0,2.8,3.09,5.41,22.0,0.001,False,MODERATE_RUNOFF,4489,Copernicus GLO-30 / NASA SRTM 30m (AWS Terrain Open Data),EPSG:32644 (UTM Zone 44N),Zonal raster aggregation with coastal land-masking,VERIFIED
156,156,Ward 156 (Alandur),12,Alandur,13.9,5.0,21.0,14.0,2.2,2.83,4.94,16.0,0.0,False,MODERATE_RUNOFF,8093,Copernicus GLO-30 / NASA SRTM 30m (AWS Terrain Open Data),EPSG:32644 (UTM Zone 44N),Zonal raster aggregation with coastal land-masking,VERIFIED
157,157,Ward 157 (Alandur),12,Alandur,10.8,0.0,20.0,11.0,3.1,2.96,5.18,20.0,0.019,False,MODERATE_RUNOFF,13321,Copernicus GLO-30 / NASA SRTM 30m (AWS Terrain Open Data),EPSG:32644 (UTM Zone 44N),Zonal raster aggregation with coastal land-masking,VERIFIED
158,158,Ward 158 (Alandur),12,Alandur,11.4,1.0,19.0,12.0,3.5,2.93,5.12,18.0,0.024,False,MODERATE_RUNOFF,5860,Copernicus GLO-30 / NASA SRTM 30m (AWS Terrain Open Data),EPSG:32644 (UTM Zone 44N),Zonal raster aggregation with coastal land-masking,VERIFIED
159,159,Ward 159 (Alandur),12,Alandur,12.3,0.0,25.0,12.0,3.9,2.98,5.2,25.0,0.004,False,MODERATE_RUNOFF,9811,Copernicus GLO-30 / NASA SRTM 30m (AWS Terrain Open Data),EPSG:32644 (UTM Zone 44N),Zonal raster aggregation with coastal land-masking,VERIFIED
160,160,Ward 160 (Alandur),12,Alandur,13.2,6.0,20.0,13.0,2.7,2.39,4.17,14.0,0.0,False,NORMAL_GRADIENT,1957,Copernicus GLO-30 / NASA SRTM 30m (AWS Terrain Open Data),EPSG:32644 (UTM Zone 44N),Zonal raster aggregation with coastal land-masking,VERIFIED
161,161,Ward 161 (Alandur),12,Alandur,12.8,5.0,19.0,13.0,2.2,2.45,4.28,14.0,0.0,False,NORMAL_GRADIENT,2288,Copernicus GLO-30 / NASA SRTM 30m (AWS Terrain Open Data),EPSG:32644 (UTM Zone 44N),Zonal raster aggregation with coastal land-masking,VERIFIED
162,162,Ward 162 (Alandur),12,Alandur,12.8,2.0,20.0,13.0,2.8,2.59,4.52,18.0,0.004,False,MODERATE_RUNOFF,3604,Copernicus GLO-30 / NASA SRTM 30m (AWS Terrain Open Data),EPSG:32644 (UTM Zone 44N),Zonal raster aggregation with coastal land-masking,VERIFIED
163,163,Ward 163 (Alandur),12,Alandur,10.6,4.0,16.0,11.0,1.9,2.6,4.54,12.0,0.0,False,MODERATE_RUNOFF,2212,Copernicus GLO-30 / NASA SRTM 30m (AWS Terrain Open Data),EPSG:32644 (UTM Zone 44N),Zonal raster aggregation with coastal land-masking,VERIFIED
164,164,Ward 164 (Alandur),12,Alandur,14.0,6.0,19.0,14.0,1.7,2.33,4.07,13.0,0.0,False,NORMAL_GRADIENT,1760,Copernicus GLO-30 / NASA SRTM 30m (AWS Terrain Open Data),EPSG:32644 (UTM Zone 44N),Zonal raster aggregation with coastal land-masking,VERIFIED
165,165,Ward 165 (Alandur),12,Alandur,7.7,0.0,16.0,8.0,3.9,2.39,4.17,16.0,0.183,False,NORMAL_GRADIENT,3379,Copernicus GLO-30 / NASA SRTM 30m (AWS Terrain Open Data),EPSG:32644 (UTM Zone 44N),Zonal raster aggregation with coastal land-masking,VERIFIED
166,166,Ward 166 (Alandur),12,Alandur,18.2,6.0,51.0,18.0,4.5,3.35,5.85,45.0,0.0,False,MODERATE_RUNOFF,3781,Copernicus GLO-30 / NASA SRTM 30m (AWS Terrain Open Data),EPSG:32644 (UTM Zone 44N),Zonal raster aggregation with coastal land-masking,VERIFIED
167,167,Ward 167 (Alandur),12,Alandur,15.0,8.0,22.0,15.0,2.3,2.43,4.25,14.0,0.0,False,NORMAL_GRADIENT,3308,Copernicus GLO-30 / NASA SRTM 30m (AWS Terrain Open Data),EPSG:32644 (UTM Zone 44N),Zonal raster aggregation with coastal land-masking,VERIFIED
168,168,Ward 168 (Adyar),13,Adyar,11.0,0.0,20.0,11.0,3.0,2.58,4.5,20.0,0.024,False,MODERATE_RUNOFF,10377,Copernicus GLO-30 / NASA SRTM 30m (AWS Terrain Open Data),EPSG:32644 (UTM Zone 44N),Zonal raster aggregation with coastal land-masking,VERIFIED
169,169,Ward 169 (Adyar),13,Adyar,10.3,0.0,21.0,11.0,3.6,3.14,5.49,21.0,0.042,False,MODERATE_RUNOFF,10980,Copernicus GLO-30 / NASA SRTM 30m (AWS Terrain Open Data),EPSG:32644 (UTM Zone 44N),Zonal raster aggregation with coastal land-masking,VERIFIED
170,170,Ward 170 (Adyar),13,Adyar,8.7,0.0,20.0,9.0,2.8,3.03,5.3,20.0,0.033,False,MODERATE_RUNOFF,7836,Copernicus GLO-30 / NASA SRTM 30m (AWS Terrain Open Data),EPSG:32644 (UTM Zone 44N),Zonal raster aggregation with coastal land-masking,VERIFIED
171,171,Ward 171 (Adyar),13,Adyar,5.7,0.0,21.0,6.0,3.1,3.07,5.36,21.0,0.279,True,MODERATE_RUNOFF,9410,Copernicus GLO-30 / NASA SRTM 30m (AWS Terrain Open Data),EPSG:32644 (UTM Zone 44N),Zonal raster aggregation with coastal land-masking,VERIFIED
172,172,Ward 172 (Adyar),13,Adyar,13.8,2.0,26.0,14.0,3.3,2.47,4.31,24.0,0.0,False,NORMAL_GRADIENT,24392,Copernicus GLO-30 / NASA SRTM 30m (AWS Terrain Open Data),EPSG:32644 (UTM Zone 44N),Zonal raster aggregation with coastal land-masking,VERIFIED
173,173,Ward 173 (Adyar),13,Adyar,9.2,0.0,17.0,10.0,3.1,2.87,5.02,17.0,0.063,False,MODERATE_RUNOFF,7893,Copernicus GLO-30 / NASA SRTM 30m (AWS Terrain Open Data),EPSG:32644 (UTM Zone 44N),Zonal raster aggregation with coastal land-masking,VERIFIED
174,174,Ward 174 (Adyar),13,Adyar,8.9,0.0,21.0,10.0,3.2,2.52,4.4,21.0,0.105,False,MODERATE_RUNOFF,10071,Copernicus GLO-30 / NASA SRTM 30m (AWS Terrain Open Data),EPSG:32644 (UTM Zone 44N),Zonal raster aggregation with coastal land-masking,VERIFIED
175,175,Ward 175 (Adyar),13,Adyar,7.7,1.0,16.0,8.0,2.3,2.39,4.18,15.0,0.043,False,NORMAL_GRADIENT,4181,Copernicus GLO-30 / NASA SRTM 30m (AWS Terrain Open Data),EPSG:32644 (UTM Zone 44N),Zonal raster aggregation with coastal land-masking,VERIFIED
176,176,Ward 176 (Adyar),13,Adyar,4.4,0.0,12.0,4.0,2.3,2.32,4.05,12.0,0.371,True,NORMAL_GRADIENT,5147,Copernicus GLO-30 / NASA SRTM 30m (AWS Terrain Open Data),EPSG:32644 (UTM Zone 44N),Zonal raster aggregation with coastal land-masking,VERIFIED
177,177,Ward 177 (Adyar),13,Adyar,6.3,0.0,16.0,7.0,3.7,2.28,3.98,16.0,0.277,False,NORMAL_GRADIENT,7916,Copernicus GLO-30 / NASA SRTM 30m (AWS Terrain Open Data),EPSG:32644 (UTM Zone 44N),Zonal raster aggregation with coastal land-masking,VERIFIED
178,178,Ward 178 (Adyar),13,Adyar,5.5,0.0,45.0,5.0,3.4,2.58,4.51,45.0,0.277,True,MODERATE_RUNOFF,7783,Copernicus GLO-30 / NASA SRTM 30m (AWS Terrain Open Data),EPSG:32644 (UTM Zone 44N),Zonal raster aggregation with coastal land-masking,VERIFIED
179,179,Ward 179 (Adyar),13,Adyar,8.2,0.0,15.0,8.0,2.3,2.59,4.53,15.0,0.036,False,MODERATE_RUNOFF,5445,Copernicus GLO-30 / NASA SRTM 30m (AWS Terrain Open Data),EPSG:32644 (UTM Zone 44N),Zonal raster aggregation with coastal land-masking,VERIFIED
180,180,Ward 180 (Adyar),13,Adyar,7.9,0.0,17.0,8.0,2.4,2.82,4.92,17.0,0.045,False,MODERATE_RUNOFF,5310,Copernicus GLO-30 / NASA SRTM 30m (AWS Terrain Open Data),EPSG:32644 (UTM Zone 44N),Zonal raster aggregation with coastal land-masking,VERIFIED
181,181,Ward 181 (Perungudi),14,Perungudi,5.6,0.0,12.0,5.0,2.1,2.26,3.95,12.0,0.174,True,NORMAL_GRADIENT,4726,Copernicus GLO-30 / NASA SRTM 30m (AWS Terrain Open Data),EPSG:32644 (UTM Zone 44N),Zonal raster aggregation with coastal land-masking,VERIFIED
182,182,Ward 182 (Perungudi),14,Perungudi,4.6,0.0,14.0,4.0,2.3,2.14,3.74,14.0,0.344,True,NORMAL_GRADIENT,9489,Copernicus GLO-30 / NASA SRTM 30m (AWS Terrain Open Data),EPSG:32644 (UTM Zone 44N),Zonal raster aggregation with coastal land-masking,VERIFIED
183,183,Ward 183 (Perungudi),14,Perungudi,6.3,0.0,12.0,7.0,2.4,2.34,4.08,12.0,0.155,False,NORMAL_GRADIENT,4480,Copernicus GLO-30 / NASA SRTM 30m (AWS Terrain Open Data),EPSG:32644 (UTM Zone 44N),Zonal raster aggregation with coastal land-masking,VERIFIED
184,184,Ward 184 (Perungudi),14,Perungudi,4.4,0.0,15.0,4.0,3.0,2.41,4.2,15.0,0.431,True,NORMAL_GRADIENT,8678,Copernicus GLO-30 / NASA SRTM 30m (AWS Terrain Open Data),EPSG:32644 (UTM Zone 44N),Zonal raster aggregation with coastal land-masking,VERIFIED
185,185,Ward 185 (Perungudi),14,Perungudi,10.5,3.0,16.0,11.0,2.1,2.3,4.01,13.0,0.002,False,NORMAL_GRADIENT,2757,Copernicus GLO-30 / NASA SRTM 30m (AWS Terrain Open Data),EPSG:32644 (UTM Zone 44N),Zonal raster aggregation with coastal land-masking,VERIFIED
186,186,Ward 186 (Perungudi),14,Perungudi,5.7,0.0,16.0,5.0,4.1,2.36,4.12,16.0,0.393,True,NORMAL_GRADIENT,6783,Copernicus GLO-30 / NASA SRTM 30m (AWS Terrain Open Data),EPSG:32644 (UTM Zone 44N),Zonal raster aggregation with coastal land-masking,VERIFIED
187,187,Ward 187 (Perungudi),14,Perungudi,9.8,1.0,17.0,10.0,2.8,2.74,4.79,16.0,0.014,False,MODERATE_RUNOFF,2889,Copernicus GLO-30 / NASA SRTM 30m (AWS Terrain Open Data),EPSG:32644 (UTM Zone 44N),Zonal raster aggregation with coastal land-masking,VERIFIED
188,188,Ward 188 (Perungudi),14,Perungudi,3.1,0.0,13.0,3.0,2.5,2.22,3.88,13.0,0.66,True,NORMAL_GRADIENT,9027,Copernicus GLO-30 / NASA SRTM 30m (AWS Terrain Open Data),EPSG:32644 (UTM Zone 44N),Zonal raster aggregation with coastal land-masking,VERIFIED
189,189,Ward 189 (Perungudi),14,Perungudi,1.9,0.0,13.0,1.0,2.3,2.12,3.7,13.0,0.836,True,NORMAL_GRADIENT,24681,Copernicus GLO-30 / NASA SRTM 30m (AWS Terrain Open Data),EPSG:32644 (UTM Zone 44N),Zonal raster aggregation with coastal land-masking,VERIFIED
190,190,Ward 190 (Perungudi),14,Perungudi,6.7,0.0,19.0,6.0,4.3,2.46,4.3,19.0,0.268,False,NORMAL_GRADIENT,7838,Copernicus GLO-30 / NASA SRTM 30m (AWS Terrain Open Data),EPSG:32644 (UTM Zone 44N),Zonal raster aggregation with coastal land-masking,VERIFIED
191,191,Ward 191 (Perungudi),14,Perungudi,5.8,0.0,21.0,4.0,5.4,2.42,4.22,21.0,0.467,True,NORMAL_GRADIENT,10485,Copernicus GLO-30 / NASA SRTM 30m (AWS Terrain Open Data),EPSG:32644 (UTM Zone 44N),Zonal raster aggregation with coastal land-masking,VERIFIED
192,192,Ward 192 (Sholinganallur),15,Sholinganallur,5.3,0.0,12.0,6.0,2.7,2.11,3.68,12.0,0.285,True,NORMAL_GRADIENT,7355,Copernicus GLO-30 / NASA SRTM 30m (AWS Terrain Open Data),EPSG:32644 (UTM Zone 44N),Zonal raster aggregation with coastal land-masking,VERIFIED
193,193,Ward 193 (Sholinganallur),15,Sholinganallur,3.2,0.0,11.0,3.0,2.5,2.49,4.35,11.0,0.586,True,NORMAL_GRADIENT,5390,Copernicus GLO-30 / NASA SRTM 30m (AWS Terrain Open Data),EPSG:32644 (UTM Zone 44N),Zonal raster aggregation with coastal land-masking,VERIFIED
194,194,Ward 194 (Sholinganallur),15,Sholinganallur,4.1,0.0,13.0,4.0,3.0,2.5,4.36,13.0,0.471,True,NORMAL_GRADIENT,10877,Copernicus GLO-30 / NASA SRTM 30m (AWS Terrain Open Data),EPSG:32644 (UTM Zone 44N),Zonal raster aggregation with coastal land-masking,VERIFIED
195,195,Ward 195 (Sholinganallur),15,Sholinganallur,3.7,0.0,13.0,3.0,3.0,2.81,4.91,13.0,0.539,True,MODERATE_RUNOFF,5563,Copernicus GLO-30 / NASA SRTM 30m (AWS Terrain Open Data),EPSG:32644 (UTM Zone 44N),Zonal raster aggregation with coastal land-masking,VERIFIED
196,196,Ward 196 (Sholinganallur),15,Sholinganallur,3.0,0.0,14.0,2.0,2.7,2.97,5.19,14.0,0.63,True,MODERATE_RUNOFF,3429,Copernicus GLO-30 / NASA SRTM 30m (AWS Terrain Open Data),EPSG:32644 (UTM Zone 44N),Zonal raster aggregation with coastal land-masking,VERIFIED
197,197,Ward 197 (Sholinganallur),15,Sholinganallur,5.0,0.0,14.0,5.0,2.7,2.64,4.6,14.0,0.321,True,MODERATE_RUNOFF,23262,Copernicus GLO-30 / NASA SRTM 30m (AWS Terrain Open Data),EPSG:32644 (UTM Zone 44N),Zonal raster aggregation with coastal land-masking,VERIFIED
198,198,Ward 198 (Sholinganallur),15,Sholinganallur,3.1,0.0,14.0,2.0,3.2,2.67,4.67,14.0,0.648,True,MODERATE_RUNOFF,14081,Copernicus GLO-30 / NASA SRTM 30m (AWS Terrain Open Data),EPSG:32644 (UTM Zone 44N),Zonal raster aggregation with coastal land-masking,VERIFIED
199,199,Ward 199 (Sholinganallur),15,Sholinganallur,3.7,0.0,16.0,3.0,3.2,2.48,4.33,16.0,0.62,True,NORMAL_GRADIENT,21665,Copernicus GLO-30 / NASA SRTM 30m (AWS Terrain Open Data),EPSG:32644 (UTM Zone 44N),Zonal raster aggregation with coastal land-masking,VERIFIED
200,200,Ward 200 (Sholinganallur),15,Sholinganallur,3.3,0.0,15.0,3.0,2.7,2.38,4.15,15.0,0.684,True,NORMAL_GRADIENT,20791,Copernicus GLO-30 / NASA SRTM 30m (AWS Terrain Open Data),EPSG:32644 (UTM Zone 44N),Zonal raster aggregation with coastal land-masking,VERIFIED
