ward_id,ward_name,zone_number,zone_name,area_sq_km,drain_feature_count,total_drain_length_km,drainage_density_km_sqkm,road_feature_count,total_road_length_km,road_density_km_sqkm,road_drainage_intersection_count,road_drainage_intersection_density,waterway_count,total_waterway_length_km,distance_to_nearest_waterway_m,waterbody_count,waterbody_area_sq_km,distance_to_nearest_waterbody_m,outfall_count,distance_to_nearest_outfall_m,drainage_network_coverage_ratio,connected_drain_nodes_count,drainage_capacity,blockage_percentage,maintenance_condition,hydraulic_flow_rate,data_status,drainage_source
1,Ward 1 (Thiruvottiyur),1,Thiruvottiyur,1.734,69,11.86,6.84,4,1.883,1.086,4,2.31,1,0.606,0.0,2,0.74,0.0,74,0.0,6.298,20,Data Unavailable,Data Unavailable,Data Unavailable,Data Unavailable,VERIFIED_OFFICIAL_GEOMETRIES,Greater Chennai Corporation (GCC) SWD Dataset (2023) & CMWSSB Outfalls
2,Ward 2 (Thiruvottiyur),1,Thiruvottiyur,2.916,84,9.519,3.264,4,3.77,1.293,2,0.69,0,0.0,360.2,8,1.235,0.0,109,0.0,2.525,33,Data Unavailable,Data Unavailable,Data Unavailable,Data Unavailable,VERIFIED_OFFICIAL_GEOMETRIES,Greater Chennai Corporation (GCC) SWD Dataset (2023) & CMWSSB Outfalls
3,Ward 3 (Thiruvottiyur),1,Thiruvottiyur,3.159,0,0.0,0.0,5,4.436,1.404,0,0.0,1,0.803,0.0,1,0.181,0.0,0,86.9,0.0,0,Data Unavailable,Data Unavailable,Data Unavailable,Data Unavailable,VERIFIED_OFFICIAL_GEOMETRIES,Greater Chennai Corporation (GCC) SWD Dataset (2023) & CMWSSB Outfalls
4,Ward 4 (Thiruvottiyur),1,Thiruvottiyur,2.081,78,13.056,6.274,18,4.627,2.223,0,0.0,1,1.143,0.0,3,0.151,0.0,0,1766.6,2.822,32,Data Unavailable,Data Unavailable,Data Unavailable,Data Unavailable,VERIFIED_OFFICIAL_GEOMETRIES,Greater Chennai Corporation (GCC) SWD Dataset (2023) & CMWSSB Outfalls
5,Ward 5 (Thiruvottiyur),1,Thiruvottiyur,2.319,3,2.835,1.223,25,10.295,4.439,3,1.29,0,0.0,890.7,0,0.0,12.8,0,1908.8,0.275,0,Data Unavailable,Data Unavailable,Data Unavailable,Data Unavailable,VERIFIED_OFFICIAL_GEOMETRIES,Greater Chennai Corporation (GCC) SWD Dataset (2023) & CMWSSB Outfalls
6,Ward 6 (Thiruvottiyur),1,Thiruvottiyur,1.378,67,10.201,7.403,9,2.641,1.917,0,0.0,1,0.872,0.0,3,0.072,0.0,0,2975.1,3.863,26,Data Unavailable,Data Unavailable,Data Unavailable,Data Unavailable,VERIFIED_OFFICIAL_GEOMETRIES,Greater Chennai Corporation (GCC) SWD Dataset (2023) & CMWSSB Outfalls
7,Ward 7 (Thiruvottiyur),1,Thiruvottiyur,7.678,36,6.185,0.806,20,5.273,0.687,0,0.0,1,0.65,0.0,15,0.474,0.0,0,324.9,1.173,11,Data Unavailable,Data Unavailable,Data Unavailable,Data Unavailable,VERIFIED_OFFICIAL_GEOMETRIES,Greater Chennai Corporation (GCC) SWD Dataset (2023) & CMWSSB Outfalls
8,Ward 8 (Thiruvottiyur),1,Thiruvottiyur,0.724,4,0.854,1.18,4,2.539,3.507,1,1.38,0,0.0,1436.4,0,0.0,42.8,0,2472.8,0.336,0,Data Unavailable,Data Unavailable,Data Unavailable,Data Unavailable,VERIFIED_OFFICIAL_GEOMETRIES,Greater Chennai Corporation (GCC) SWD Dataset (2023) & CMWSSB Outfalls
9,Ward 9 (Thiruvottiyur),1,Thiruvottiyur,0.681,7,2.069,3.038,8,2.21,3.245,2,2.94,0,0.0,1663.5,0,0.0,10.6,0,1885.8,0.936,2,Data Unavailable,Data Unavailable,Data Unavailable,Data Unavailable,VERIFIED_OFFICIAL_GEOMETRIES,Greater Chennai Corporation (GCC) SWD Dataset (2023) & CMWSSB Outfalls
10,Ward 10 (Thiruvottiyur),1,Thiruvottiyur,0.522,4,1.234,2.364,2,0.43,0.824,4,7.66,0,0.0,1390.4,2,0.007,0.0,0,1353.8,2.87,1,Data Unavailable,Data Unavailable,Data Unavailable,Data Unavailable,VERIFIED_OFFICIAL_GEOMETRIES,Greater Chennai Corporation (GCC) SWD Dataset (2023) & CMWSSB Outfalls
11,Ward 11 (Thiruvottiyur),1,Thiruvottiyur,0.633,6,3.002,4.742,7,2.093,3.306,7,11.06,0,0.0,1942.1,0,0.0,156.1,0,1212.5,1.434,2,Data Unavailable,Data Unavailable,Data Unavailable,Data Unavailable,VERIFIED_OFFICIAL_GEOMETRIES,Greater Chennai Corporation (GCC) SWD Dataset (2023) & CMWSSB Outfalls
12,Ward 12 (Thiruvottiyur),1,Thiruvottiyur,0.421,2,0.737,1.751,4,0.627,1.489,1,2.38,0,0.0,1321.9,1,0.001,0.0,0,561.2,1.175,1,Data Unavailable,Data Unavailable,Data Unavailable,Data Unavailable,VERIFIED_OFFICIAL_GEOMETRIES,Greater Chennai Corporation (GCC) SWD Dataset (2023) & CMWSSB Outfalls
13,Ward 13 (Thiruvottiyur),1,Thiruvottiyur,0.471,0,0.0,0.0,0,0.0,0.0,0,0.0,0,0.0,953.2,0,0.0,319.7,0,66.5,0.0,0,Data Unavailable,Data Unavailable,Data Unavailable,Data Unavailable,VERIFIED_OFFICIAL_GEOMETRIES,Greater Chennai Corporation (GCC) SWD Dataset (2023) & CMWSSB Outfalls
14,Ward 14 (Thiruvottiyur),1,Thiruvottiyur,0.668,6,2.232,3.341,11,4.044,6.054,3,4.49,0,0.0,1684.6,0,0.0,377.7,0,328.9,0.552,0,Data Unavailable,Data Unavailable,Data Unavailable,Data Unavailable,VERIFIED_OFFICIAL_GEOMETRIES,Greater Chennai Corporation (GCC) SWD Dataset (2023) & CMWSSB Outfalls
15,Ward 15 (Manali),2,Manali,8.705,7,1.838,0.211,12,3.44,0.395,0,0.0,2,3.131,0.0,8,4.145,0.0,0,540.8,0.534,0,Data Unavailable,Data Unavailable,Data Unavailable,Data Unavailable,VERIFIED_OFFICIAL_GEOMETRIES,Greater Chennai Corporation (GCC) SWD Dataset (2023) & CMWSSB Outfalls
16,Ward 16 (Manali),2,Manali,10.025,15,7.258,0.724,4,3.692,0.368,0,0.0,3,3.725,0.0,9,4.868,0.0,0,2017.4,1.966,7,Data Unavailable,Data Unavailable,Data Unavailable,Data Unavailable,VERIFIED_OFFICIAL_GEOMETRIES,Greater Chennai Corporation (GCC) SWD Dataset (2023) & CMWSSB Outfalls
17,Ward 17 (Manali),2,Manali,6.673,5,4.425,0.663,5,3.004,0.45,0,0.0,3,3.708,0.0,0,0.0,33.3,0,3390.2,1.473,1,Data Unavailable,Data Unavailable,Data Unavailable,Data Unavailable,VERIFIED_OFFICIAL_GEOMETRIES,Greater Chennai Corporation (GCC) SWD Dataset (2023) & CMWSSB Outfalls
18,Ward 18 (Manali),2,Manali,8.073,91,12.153,1.505,29,11.682,1.447,0,0.0,2,5.084,0.0,13,0.193,0.0,0,2277.7,1.04,17,Data Unavailable,Data Unavailable,Data Unavailable,Data Unavailable,VERIFIED_OFFICIAL_GEOMETRIES,Greater Chennai Corporation (GCC) SWD Dataset (2023) & CMWSSB Outfalls
19,Ward 19 (Manali),2,Manali,4.117,36,10.212,2.48,9,6.963,1.691,0,0.0,2,2.481,0.0,2,0.06,0.0,0,2310.7,1.467,9,Data Unavailable,Data Unavailable,Data Unavailable,Data Unavailable,VERIFIED_OFFICIAL_GEOMETRIES,Greater Chennai Corporation (GCC) SWD Dataset (2023) & CMWSSB Outfalls
20,Ward 20 (Manali),2,Manali,0.638,50,8.407,13.177,0,0.0,0.0,0,0.0,2,0.199,0.0,3,0.129,0.0,0,1987.3,0.0,12,Data Unavailable,Data Unavailable,Data Unavailable,Data Unavailable,VERIFIED_OFFICIAL_GEOMETRIES,Greater Chennai Corporation (GCC) SWD Dataset (2023) & CMWSSB Outfalls
21,Ward 21 (Manali),2,Manali,1.87,37,7.612,4.071,4,1.947,1.041,0,0.0,0,0.0,417.9,7,0.173,0.0,0,1995.2,3.91,7,Data Unavailable,Data Unavailable,Data Unavailable,Data Unavailable,VERIFIED_OFFICIAL_GEOMETRIES,Greater Chennai Corporation (GCC) SWD Dataset (2023) & CMWSSB Outfalls
22,Ward 22 (Manali),2,Manali,2.153,45,5.677,2.637,0,0.0,0.0,0,0.0,0,0.0,614.2,8,0.025,0.0,0,208.5,0.0,9,Data Unavailable,Data Unavailable,Data Unavailable,Data Unavailable,VERIFIED_OFFICIAL_GEOMETRIES,Greater Chennai Corporation (GCC) SWD Dataset (2023) & CMWSSB Outfalls
23,Ward 23 (Madhavaram),3,Madhavaram,4.154,50,9.01,2.169,11,5.364,1.291,0,0.0,2,1.466,0.0,1,0.003,0.0,0,2868.7,1.68,12,Data Unavailable,Data Unavailable,Data Unavailable,Data Unavailable,VERIFIED_OFFICIAL_GEOMETRIES,Greater Chennai Corporation (GCC) SWD Dataset (2023) & CMWSSB Outfalls
24,Ward 24 (Madhavaram),3,Madhavaram,2.711,3,0.793,0.293,22,4.647,1.714,0,0.0,1,1.032,0.0,2,0.046,0.0,0,2550.9,0.171,1,Data Unavailable,Data Unavailable,Data Unavailable,Data Unavailable,VERIFIED_OFFICIAL_GEOMETRIES,Greater Chennai Corporation (GCC) SWD Dataset (2023) & CMWSSB Outfalls
25,Ward 25 (Madhavaram),3,Madhavaram,3.982,41,8.634,2.168,22,7.804,1.96,3,0.75,0,0.0,78.7,7,0.062,0.0,0,178.1,1.106,14,Data Unavailable,Data Unavailable,Data Unavailable,Data Unavailable,VERIFIED_OFFICIAL_GEOMETRIES,Greater Chennai Corporation (GCC) SWD Dataset (2023) & CMWSSB Outfalls
26,Ward 26 (Madhavaram),3,Madhavaram,2.152,22,4.238,1.969,2,0.049,0.023,0,0.0,0,0.0,497.7,3,0.009,0.0,0,508.3,86.49,8,Data Unavailable,Data Unavailable,Data Unavailable,Data Unavailable,VERIFIED_OFFICIAL_GEOMETRIES,Greater Chennai Corporation (GCC) SWD Dataset (2023) & CMWSSB Outfalls
27,Ward 27 (Madhavaram),3,Madhavaram,3.644,4,2.978,0.817,0,0.0,0.0,0,0.0,0,0.0,10.0,5,0.282,0.0,0,104.6,0.0,0,Data Unavailable,Data Unavailable,Data Unavailable,Data Unavailable,VERIFIED_OFFICIAL_GEOMETRIES,Greater Chennai Corporation (GCC) SWD Dataset (2023) & CMWSSB Outfalls
28,Ward 28 (Madhavaram),3,Madhavaram,1.31,30,6.412,4.895,34,5.41,4.13,2,1.53,1,0.868,0.0,0,0.0,271.9,1,0.0,1.185,12,Data Unavailable,Data Unavailable,Data Unavailable,Data Unavailable,VERIFIED_OFFICIAL_GEOMETRIES,Greater Chennai Corporation (GCC) SWD Dataset (2023) & CMWSSB Outfalls
29,Ward 29 (Madhavaram),3,Madhavaram,2.279,37,7.134,3.13,8,2.671,1.172,0,0.0,4,2.54,0.0,1,0.005,0.0,0,23.4,2.671,14,Data Unavailable,Data Unavailable,Data Unavailable,Data Unavailable,VERIFIED_OFFICIAL_GEOMETRIES,Greater Chennai Corporation (GCC) SWD Dataset (2023) & CMWSSB Outfalls
30,Ward 30 (Madhavaram),3,Madhavaram,3.097,39,8.402,2.713,31,8.716,2.814,0,0.0,2,1.197,0.0,1,0.925,0.0,0,16.3,0.964,17,Data Unavailable,Data Unavailable,Data Unavailable,Data Unavailable,VERIFIED_OFFICIAL_GEOMETRIES,Greater Chennai Corporation (GCC) SWD Dataset (2023) & CMWSSB Outfalls
31,Ward 31 (Madhavaram),3,Madhavaram,2.488,21,8.963,3.602,29,7.952,3.196,1,0.4,2,2.288,0.0,2,0.314,0.0,0,1278.3,1.127,9,Data Unavailable,Data Unavailable,Data Unavailable,Data Unavailable,VERIFIED_OFFICIAL_GEOMETRIES,Greater Chennai Corporation (GCC) SWD Dataset (2023) & CMWSSB Outfalls
32,Ward 32 (Madhavaram),3,Madhavaram,4.967,9,4.989,1.004,34,9.656,1.944,0,0.0,1,1.004,0.0,7,0.211,0.0,0,397.4,0.517,3,Data Unavailable,Data Unavailable,Data Unavailable,Data Unavailable,VERIFIED_OFFICIAL_GEOMETRIES,Greater Chennai Corporation (GCC) SWD Dataset (2023) & CMWSSB Outfalls
33,Ward 33 (Madhavaram),3,Madhavaram,0.683,37,9.088,13.306,0,0.0,0.0,0,0.0,0,0.0,45.7,1,0.001,0.0,0,59.5,0.0,14,Data Unavailable,Data Unavailable,Data Unavailable,Data Unavailable,VERIFIED_OFFICIAL_GEOMETRIES,Greater Chennai Corporation (GCC) SWD Dataset (2023) & CMWSSB Outfalls
34,Ward 34 (Tondiarpet),4,Tondiarpet,2.442,28,6.458,2.645,0,0.0,0.0,0,0.0,2,0.857,0.0,18,0.035,0.0,27,0.0,0.0,7,Data Unavailable,Data Unavailable,Data Unavailable,Data Unavailable,VERIFIED_OFFICIAL_GEOMETRIES,Greater Chennai Corporation (GCC) SWD Dataset (2023) & CMWSSB Outfalls
35,Ward 35 (Tondiarpet),4,Tondiarpet,1.689,26,8.205,4.858,26,3.11,1.841,1,0.59,4,2.944,0.0,1,0.002,0.0,34,0.0,2.638,5,Data Unavailable,Data Unavailable,Data Unavailable,Data Unavailable,VERIFIED_OFFICIAL_GEOMETRIES,Greater Chennai Corporation (GCC) SWD Dataset (2023) & CMWSSB Outfalls
36,Ward 36 (Tondiarpet),4,Tondiarpet,1.376,39,9.502,6.906,5,2.52,1.831,2,1.45,3,2.139,0.0,2,0.034,0.0,41,0.0,3.771,11,Data Unavailable,Data Unavailable,Data Unavailable,Data Unavailable,VERIFIED_OFFICIAL_GEOMETRIES,Greater Chennai Corporation (GCC) SWD Dataset (2023) & CMWSSB Outfalls
37,Ward 37 (Tondiarpet),4,Tondiarpet,4.101,54,17.553,4.28,0,0.0,0.0,0,0.0,4,4.479,0.0,41,0.459,0.0,5,0.0,0.0,12,Data Unavailable,Data Unavailable,Data Unavailable,Data Unavailable,VERIFIED_OFFICIAL_GEOMETRIES,Greater Chennai Corporation (GCC) SWD Dataset (2023) & CMWSSB Outfalls
38,Ward 38 (Tondiarpet),4,Tondiarpet,1.8,24,7.966,4.426,0,0.0,0.0,0,0.0,1,1.155,0.0,0,0.0,32.7,14,0.0,0.0,4,Data Unavailable,Data Unavailable,Data Unavailable,Data Unavailable,VERIFIED_OFFICIAL_GEOMETRIES,Greater Chennai Corporation (GCC) SWD Dataset (2023) & CMWSSB Outfalls
39,Ward 39 (Tondiarpet),4,Tondiarpet,1.041,13,5.752,5.525,6,2.286,2.196,2,1.92,0,0.0,1002.7,0,0.0,102.2,59,0.0,2.516,5,Data Unavailable,Data Unavailable,Data Unavailable,Data Unavailable,VERIFIED_OFFICIAL_GEOMETRIES,Greater Chennai Corporation (GCC) SWD Dataset (2023) & CMWSSB Outfalls
40,Ward 40 (Tondiarpet),4,Tondiarpet,1.067,13,4.867,4.561,0,0.0,0.0,0,0.0,0,0.0,801.6,2,0.002,0.0,42,0.0,0.0,5,Data Unavailable,Data Unavailable,Data Unavailable,Data Unavailable,VERIFIED_OFFICIAL_GEOMETRIES,Greater Chennai Corporation (GCC) SWD Dataset (2023) & CMWSSB Outfalls
41,Ward 41 (Tondiarpet),4,Tondiarpet,0.892,14,3.279,3.676,0,0.0,0.0,0,0.0,3,0.766,0.0,2,0.017,0.0,13,0.0,0.0,3,Data Unavailable,Data Unavailable,Data Unavailable,Data Unavailable,VERIFIED_OFFICIAL_GEOMETRIES,Greater Chennai Corporation (GCC) SWD Dataset (2023) & CMWSSB Outfalls
42,Ward 42 (Tondiarpet),4,Tondiarpet,1.084,19,6.017,5.551,0,0.0,0.0,0,0.0,0,0.0,543.8,0,0.0,93.0,44,0.0,0.0,3,Data Unavailable,Data Unavailable,Data Unavailable,Data Unavailable,VERIFIED_OFFICIAL_GEOMETRIES,Greater Chennai Corporation (GCC) SWD Dataset (2023) & CMWSSB Outfalls
43,Ward 43 (Tondiarpet),4,Tondiarpet,0.992,10,3.381,3.408,13,2.596,2.617,2,2.02,0,0.0,1531.4,0,0.0,64.2,67,0.0,1.302,3,Data Unavailable,Data Unavailable,Data Unavailable,Data Unavailable,VERIFIED_OFFICIAL_GEOMETRIES,Greater Chennai Corporation (GCC) SWD Dataset (2023) & CMWSSB Outfalls
44,Ward 44 (Tondiarpet),4,Tondiarpet,0.691,31,6.915,10.007,1,0.237,0.343,0,0.0,1,0.024,0.0,0,0.0,0.1,74,0.0,29.177,14,Data Unavailable,Data Unavailable,Data Unavailable,Data Unavailable,VERIFIED_OFFICIAL_GEOMETRIES,Greater Chennai Corporation (GCC) SWD Dataset (2023) & CMWSSB Outfalls
45,Ward 45 (Tondiarpet),4,Tondiarpet,1.14,32,8.277,7.261,3,0.644,0.565,1,0.88,1,0.751,0.0,0,0.0,15.8,89,0.0,12.852,8,Data Unavailable,Data Unavailable,Data Unavailable,Data Unavailable,VERIFIED_OFFICIAL_GEOMETRIES,Greater Chennai Corporation (GCC) SWD Dataset (2023) & CMWSSB Outfalls
46,Ward 46 (Tondiarpet),4,Tondiarpet,1.436,30,8.629,6.009,21,3.739,2.604,11,7.66,2,1.242,0.0,11,0.071,0.0,33,0.0,2.308,12,Data Unavailable,Data Unavailable,Data Unavailable,Data Unavailable,VERIFIED_OFFICIAL_GEOMETRIES,Greater Chennai Corporation (GCC) SWD Dataset (2023) & CMWSSB Outfalls
47,Ward 47 (Tondiarpet),4,Tondiarpet,0.623,8,2.297,3.687,0,0.0,0.0,0,0.0,1,0.437,0.0,4,0.025,0.0,32,0.0,0.0,2,Data Unavailable,Data Unavailable,Data Unavailable,Data Unavailable,VERIFIED_OFFICIAL_GEOMETRIES,Greater Chennai Corporation (GCC) SWD Dataset (2023) & CMWSSB Outfalls
48,Ward 48 (Tondiarpet),4,Tondiarpet,0.479,17,4.1,8.559,0,0.0,0.0,0,0.0,0,0.0,774.2,0,0.0,428.1,22,0.0,0.0,8,Data Unavailable,Data Unavailable,Data Unavailable,Data Unavailable,VERIFIED_OFFICIAL_GEOMETRIES,Greater Chennai Corporation (GCC) SWD Dataset (2023) & CMWSSB Outfalls
49,Ward 49 (Royapuram),5,Royapuram,0.78,24,6.594,8.454,2,1.023,1.312,1,1.28,0,0.0,1405.4,1,0.0,0.0,7,0.0,6.446,5,Data Unavailable,Data Unavailable,Data Unavailable,Data Unavailable,VERIFIED_OFFICIAL_GEOMETRIES,Greater Chennai Corporation (GCC) SWD Dataset (2023) & CMWSSB Outfalls
50,Ward 50 (Royapuram),5,Royapuram,1.536,26,7.171,4.669,7,2.011,1.309,0,0.0,0,0.0,2101.7,1,0.0,0.0,7,0.0,3.566,6,Data Unavailable,Data Unavailable,Data Unavailable,Data Unavailable,VERIFIED_OFFICIAL_GEOMETRIES,Greater Chennai Corporation (GCC) SWD Dataset (2023) & CMWSSB Outfalls
51,Ward 51 (Royapuram),5,Royapuram,0.403,17,3.934,9.762,0,0.0,0.0,0,0.0,0,0.0,1065.7,0,0.0,309.7,16,0.0,0.0,7,Data Unavailable,Data Unavailable,Data Unavailable,Data Unavailable,VERIFIED_OFFICIAL_GEOMETRIES,Greater Chennai Corporation (GCC) SWD Dataset (2023) & CMWSSB Outfalls
52,Ward 52 (Royapuram),5,Royapuram,1.037,15,3.922,3.782,21,2.55,2.459,0,0.0,0,0.0,657.6,0,0.0,209.7,32,0.0,1.538,2,Data Unavailable,Data Unavailable,Data Unavailable,Data Unavailable,VERIFIED_OFFICIAL_GEOMETRIES,Greater Chennai Corporation (GCC) SWD Dataset (2023) & CMWSSB Outfalls
53,Ward 53 (Royapuram),5,Royapuram,0.854,23,4.685,5.486,26,2.337,2.737,2,2.34,1,0.551,0.0,2,0.023,0.0,5,0.0,2.005,5,Data Unavailable,Data Unavailable,Data Unavailable,Data Unavailable,VERIFIED_OFFICIAL_GEOMETRIES,Greater Chennai Corporation (GCC) SWD Dataset (2023) & CMWSSB Outfalls
54,Ward 54 (Royapuram),5,Royapuram,0.594,12,3.155,5.311,2,1.294,2.178,3,5.05,1,0.503,0.0,2,0.018,0.0,3,0.0,2.438,5,Data Unavailable,Data Unavailable,Data Unavailable,Data Unavailable,VERIFIED_OFFICIAL_GEOMETRIES,Greater Chennai Corporation (GCC) SWD Dataset (2023) & CMWSSB Outfalls
55,Ward 55 (Royapuram),5,Royapuram,0.574,19,4.003,6.974,5,0.379,0.66,0,0.0,0,0.0,626.3,0,0.0,120.2,47,0.0,10.562,7,Data Unavailable,Data Unavailable,Data Unavailable,Data Unavailable,VERIFIED_OFFICIAL_GEOMETRIES,Greater Chennai Corporation (GCC) SWD Dataset (2023) & CMWSSB Outfalls
56,Ward 56 (Royapuram),5,Royapuram,0.567,13,3.343,5.896,8,1.193,2.104,2,3.53,0,0.0,1016.0,2,0.001,0.0,47,0.0,2.802,3,Data Unavailable,Data Unavailable,Data Unavailable,Data Unavailable,VERIFIED_OFFICIAL_GEOMETRIES,Greater Chennai Corporation (GCC) SWD Dataset (2023) & CMWSSB Outfalls
57,Ward 57 (Royapuram),5,Royapuram,0.908,17,5.26,5.793,4,1.362,1.5,0,0.0,1,0.296,0.0,3,0.012,0.0,20,0.0,3.862,8,Data Unavailable,Data Unavailable,Data Unavailable,Data Unavailable,VERIFIED_OFFICIAL_GEOMETRIES,Greater Chennai Corporation (GCC) SWD Dataset (2023) & CMWSSB Outfalls
58,Ward 58 (Royapuram),5,Royapuram,2.594,42,16.898,6.514,27,4.517,1.741,0,0.0,1,0.698,0.0,3,0.011,0.0,92,0.0,3.741,12,Data Unavailable,Data Unavailable,Data Unavailable,Data Unavailable,VERIFIED_OFFICIAL_GEOMETRIES,Greater Chennai Corporation (GCC) SWD Dataset (2023) & CMWSSB Outfalls
59,Ward 59 (Royapuram),5,Royapuram,2.816,34,11.169,3.966,62,9.062,3.218,4,1.42,3,3.623,0.0,25,0.683,0.0,17,0.0,1.233,16,Data Unavailable,Data Unavailable,Data Unavailable,Data Unavailable,VERIFIED_OFFICIAL_GEOMETRIES,Greater Chennai Corporation (GCC) SWD Dataset (2023) & CMWSSB Outfalls
60,Ward 60 (Royapuram),5,Royapuram,5.139,27,10.978,2.136,56,12.625,2.457,13,2.53,2,1.192,0.0,5,0.137,0.0,24,0.0,0.87,11,Data Unavailable,Data Unavailable,Data Unavailable,Data Unavailable,VERIFIED_OFFICIAL_GEOMETRIES,Greater Chennai Corporation (GCC) SWD Dataset (2023) & CMWSSB Outfalls
61,Ward 61 (Royapuram),5,Royapuram,2.217,44,15.45,6.969,0,0.0,0.0,0,0.0,1,2.348,0.0,2,0.873,0.0,99,0.0,0.0,19,Data Unavailable,Data Unavailable,Data Unavailable,Data Unavailable,VERIFIED_OFFICIAL_GEOMETRIES,Greater Chennai Corporation (GCC) SWD Dataset (2023) & CMWSSB Outfalls
62,Ward 62 (Royapuram),5,Royapuram,0.833,34,6.772,8.13,1,0.047,0.056,0,0.0,1,1.031,0.0,3,1.528,0.0,64,0.0,144.085,9,Data Unavailable,Data Unavailable,Data Unavailable,Data Unavailable,VERIFIED_OFFICIAL_GEOMETRIES,Greater Chennai Corporation (GCC) SWD Dataset (2023) & CMWSSB Outfalls
63,Ward 63 (Royapuram),5,Royapuram,0.964,21,7.998,8.297,14,1.406,1.459,0,0.0,1,1.322,0.0,3,0.268,0.0,71,0.0,5.688,4,Data Unavailable,Data Unavailable,Data Unavailable,Data Unavailable,VERIFIED_OFFICIAL_GEOMETRIES,Greater Chennai Corporation (GCC) SWD Dataset (2023) & CMWSSB Outfalls
64,Ward 64 (Thiru. Vi. Ka. Nagar),6,Thiru. Vi. Ka. Nagar,1.584,48,10.964,6.922,9,3.219,2.032,0,0.0,0,0.0,24.4,0,0.0,8.2,21,0.0,3.406,18,Data Unavailable,Data Unavailable,Data Unavailable,Data Unavailable,VERIFIED_OFFICIAL_GEOMETRIES,Greater Chennai Corporation (GCC) SWD Dataset (2023) & CMWSSB Outfalls
65,Ward 65 (Thiru. Vi. Ka. Nagar),6,Thiru. Vi. Ka. Nagar,1.881,74,12.514,6.653,5,1.004,0.534,0,0.0,0,0.0,27.5,4,0.059,0.0,88,0.0,12.464,32,Data Unavailable,Data Unavailable,Data Unavailable,Data Unavailable,VERIFIED_OFFICIAL_GEOMETRIES,Greater Chennai Corporation (GCC) SWD Dataset (2023) & CMWSSB Outfalls
66,Ward 66 (Thiru. Vi. Ka. Nagar),6,Thiru. Vi. Ka. Nagar,1.035,64,11.309,10.927,3,0.013,0.013,0,0.0,1,0.053,0.0,0,0.0,51.5,39,0.0,869.923,19,Data Unavailable,Data Unavailable,Data Unavailable,Data Unavailable,VERIFIED_OFFICIAL_GEOMETRIES,Greater Chennai Corporation (GCC) SWD Dataset (2023) & CMWSSB Outfalls
67,Ward 67 (Thiru. Vi. Ka. Nagar),6,Thiru. Vi. Ka. Nagar,0.899,35,8.815,9.805,1,0.089,0.099,1,1.11,0,0.0,27.9,0,0.0,287.8,74,0.0,99.045,8,Data Unavailable,Data Unavailable,Data Unavailable,Data Unavailable,VERIFIED_OFFICIAL_GEOMETRIES,Greater Chennai Corporation (GCC) SWD Dataset (2023) & CMWSSB Outfalls
68,Ward 68 (Thiru. Vi. Ka. Nagar),6,Thiru. Vi. Ka. Nagar,1.388,60,15.129,10.9,0,0.0,0.0,0,0.0,0,0.0,499.0,1,0.001,0.0,36,0.0,0.0,18,Data Unavailable,Data Unavailable,Data Unavailable,Data Unavailable,VERIFIED_OFFICIAL_GEOMETRIES,Greater Chennai Corporation (GCC) SWD Dataset (2023) & CMWSSB Outfalls
69,Ward 69 (Thiru. Vi. Ka. Nagar),6,Thiru. Vi. Ka. Nagar,1.049,33,7.885,7.517,0,0.0,0.0,0,0.0,0,0.0,537.2,3,0.022,0.0,25,0.0,0.0,15,Data Unavailable,Data Unavailable,Data Unavailable,Data Unavailable,VERIFIED_OFFICIAL_GEOMETRIES,Greater Chennai Corporation (GCC) SWD Dataset (2023) & CMWSSB Outfalls
70,Ward 70 (Thiru. Vi. Ka. Nagar),6,Thiru. Vi. Ka. Nagar,1.733,24,5.311,3.065,9,1.895,1.093,2,1.15,2,1.016,0.0,1,0.006,0.0,117,0.0,2.803,6,Data Unavailable,Data Unavailable,Data Unavailable,Data Unavailable,VERIFIED_OFFICIAL_GEOMETRIES,Greater Chennai Corporation (GCC) SWD Dataset (2023) & CMWSSB Outfalls
71,Ward 71 (Thiru. Vi. Ka. Nagar),6,Thiru. Vi. Ka. Nagar,1.533,30,7.986,5.209,23,3.383,2.207,3,1.96,1,0.476,0.0,1,0.014,0.0,100,0.0,2.361,6,Data Unavailable,Data Unavailable,Data Unavailable,Data Unavailable,VERIFIED_OFFICIAL_GEOMETRIES,Greater Chennai Corporation (GCC) SWD Dataset (2023) & CMWSSB Outfalls
72,Ward 72 (Thiru. Vi. Ka. Nagar),6,Thiru. Vi. Ka. Nagar,1.319,13,2.385,1.808,21,2.22,1.683,0,0.0,3,2.571,0.0,2,0.046,0.0,31,0.0,1.074,3,Data Unavailable,Data Unavailable,Data Unavailable,Data Unavailable,VERIFIED_OFFICIAL_GEOMETRIES,Greater Chennai Corporation (GCC) SWD Dataset (2023) & CMWSSB Outfalls
73,Ward 73 (Thiru. Vi. Ka. Nagar),6,Thiru. Vi. Ka. Nagar,0.928,28,7.164,7.72,16,1.047,1.128,4,4.31,2,1.143,0.0,2,0.024,0.0,85,0.0,6.842,7,Data Unavailable,Data Unavailable,Data Unavailable,Data Unavailable,VERIFIED_OFFICIAL_GEOMETRIES,Greater Chennai Corporation (GCC) SWD Dataset (2023) & CMWSSB Outfalls
74,Ward 74 (Thiru. Vi. Ka. Nagar),6,Thiru. Vi. Ka. Nagar,0.949,14,3.56,3.751,21,2.918,3.075,0,0.0,3,2.162,0.0,1,0.002,0.0,63,0.0,1.22,5,Data Unavailable,Data Unavailable,Data Unavailable,Data Unavailable,VERIFIED_OFFICIAL_GEOMETRIES,Greater Chennai Corporation (GCC) SWD Dataset (2023) & CMWSSB Outfalls
75,Ward 75 (Thiru. Vi. Ka. Nagar),6,Thiru. Vi. Ka. Nagar,0.953,27,6.571,6.895,1,0.638,0.669,0,0.0,2,1.475,0.0,1,0.001,0.0,46,0.0,10.299,8,Data Unavailable,Data Unavailable,Data Unavailable,Data Unavailable,VERIFIED_OFFICIAL_GEOMETRIES,Greater Chennai Corporation (GCC) SWD Dataset (2023) & CMWSSB Outfalls
76,Ward 76 (Thiru. Vi. Ka. Nagar),6,Thiru. Vi. Ka. Nagar,0.616,31,5.906,9.588,1,0.744,1.208,0,0.0,0,0.0,33.0,1,0.001,0.0,39,0.0,7.938,14,Data Unavailable,Data Unavailable,Data Unavailable,Data Unavailable,VERIFIED_OFFICIAL_GEOMETRIES,Greater Chennai Corporation (GCC) SWD Dataset (2023) & CMWSSB Outfalls
77,Ward 77 (Thiru. Vi. Ka. Nagar),6,Thiru. Vi. Ka. Nagar,0.574,22,4.518,7.871,0,0.0,0.0,0,0.0,1,0.009,0.0,1,0.0,0.0,33,0.0,0.0,5,Data Unavailable,Data Unavailable,Data Unavailable,Data Unavailable,VERIFIED_OFFICIAL_GEOMETRIES,Greater Chennai Corporation (GCC) SWD Dataset (2023) & CMWSSB Outfalls
78,Ward 78 (Thiru. Vi. Ka. Nagar),6,Thiru. Vi. Ka. Nagar,0.673,18,5.035,7.481,0,0.0,0.0,0,0.0,0,0.0,448.0,1,0.001,0.0,54,0.0,0.0,5,Data Unavailable,Data Unavailable,Data Unavailable,Data Unavailable,VERIFIED_OFFICIAL_GEOMETRIES,Greater Chennai Corporation (GCC) SWD Dataset (2023) & CMWSSB Outfalls
79,Ward 79 (Ambattur),7,Ambattur,2.092,8,1.485,0.71,0,0.0,0.0,0,0.0,0,0.0,752.8,2,0.02,0.0,0,1944.8,0.0,4,Data Unavailable,Data Unavailable,Data Unavailable,Data Unavailable,VERIFIED_OFFICIAL_GEOMETRIES,Greater Chennai Corporation (GCC) SWD Dataset (2023) & CMWSSB Outfalls
80,Ward 80 (Ambattur),7,Ambattur,1.485,61,12.898,8.686,7,3.463,2.332,0,0.0,0,0.0,841.1,1,0.003,0.0,0,2010.2,3.725,18,Data Unavailable,Data Unavailable,Data Unavailable,Data Unavailable,VERIFIED_OFFICIAL_GEOMETRIES,Greater Chennai Corporation (GCC) SWD Dataset (2023) & CMWSSB Outfalls
81,Ward 81 (Ambattur),7,Ambattur,1.662,98,18.637,11.214,21,4.054,2.439,0,0.0,1,0.26,0.0,1,0.004,0.0,0,1031.2,4.597,30,Data Unavailable,Data Unavailable,Data Unavailable,Data Unavailable,VERIFIED_OFFICIAL_GEOMETRIES,Greater Chennai Corporation (GCC) SWD Dataset (2023) & CMWSSB Outfalls
82,Ward 82 (Ambattur),7,Ambattur,3.877,59,13.642,3.519,33,9.119,2.352,0,0.0,1,0.053,0.0,5,0.161,0.0,0,1059.0,1.496,17,Data Unavailable,Data Unavailable,Data Unavailable,Data Unavailable,VERIFIED_OFFICIAL_GEOMETRIES,Greater Chennai Corporation (GCC) SWD Dataset (2023) & CMWSSB Outfalls
83,Ward 83 (Ambattur),7,Ambattur,6.638,10,3.552,0.535,11,3.628,0.547,2,0.3,2,0.335,0.0,10,1.913,0.0,0,50.6,0.979,2,Data Unavailable,Data Unavailable,Data Unavailable,Data Unavailable,VERIFIED_OFFICIAL_GEOMETRIES,Greater Chennai Corporation (GCC) SWD Dataset (2023) & CMWSSB Outfalls
84,Ward 84 (Ambattur),7,Ambattur,3.133,114,22.336,7.129,16,4.804,1.533,0,0.0,2,0.375,0.0,4,0.063,0.0,13,0.0,4.649,30,Data Unavailable,Data Unavailable,Data Unavailable,Data Unavailable,VERIFIED_OFFICIAL_GEOMETRIES,Greater Chennai Corporation (GCC) SWD Dataset (2023) & CMWSSB Outfalls
85,Ward 85 (Ambattur),7,Ambattur,4.379,149,22.077,5.042,37,9.13,2.085,0,0.0,4,4.546,0.0,3,1.241,0.0,1,0.0,2.418,57,Data Unavailable,Data Unavailable,Data Unavailable,Data Unavailable,VERIFIED_OFFICIAL_GEOMETRIES,Greater Chennai Corporation (GCC) SWD Dataset (2023) & CMWSSB Outfalls
86,Ward 86 (Ambattur),7,Ambattur,6.25,147,47.168,7.547,37,14.791,2.367,17,2.72,1,0.208,0.0,5,0.031,0.0,0,55.6,3.189,51,Data Unavailable,Data Unavailable,Data Unavailable,Data Unavailable,VERIFIED_OFFICIAL_GEOMETRIES,Greater Chennai Corporation (GCC) SWD Dataset (2023) & CMWSSB Outfalls
87,Ward 87 (Ambattur),7,Ambattur,0.956,126,19.105,19.984,2,0.431,0.451,0,0.0,0,0.0,262.3,2,0.004,0.0,10,0.0,44.327,36,Data Unavailable,Data Unavailable,Data Unavailable,Data Unavailable,VERIFIED_OFFICIAL_GEOMETRIES,Greater Chennai Corporation (GCC) SWD Dataset (2023) & CMWSSB Outfalls
88,Ward 88 (Ambattur),7,Ambattur,2.273,93,18.018,7.927,38,7.451,3.278,0,0.0,2,1.109,0.0,3,0.022,0.0,10,0.0,2.418,22,Data Unavailable,Data Unavailable,Data Unavailable,Data Unavailable,VERIFIED_OFFICIAL_GEOMETRIES,Greater Chennai Corporation (GCC) SWD Dataset (2023) & CMWSSB Outfalls
89,Ward 89 (Ambattur),7,Ambattur,0.995,74,15.957,16.037,4,3.189,3.205,0,0.0,1,0.145,0.0,0,0.0,33.3,0,164.6,5.004,22,Data Unavailable,Data Unavailable,Data Unavailable,Data Unavailable,VERIFIED_OFFICIAL_GEOMETRIES,Greater Chennai Corporation (GCC) SWD Dataset (2023) & CMWSSB Outfalls
90,Ward 90 (Ambattur),7,Ambattur,1.084,20,5.333,4.92,13,1.533,1.414,0,0.0,2,1.685,0.0,1,0.013,0.0,0,60.8,3.479,3,Data Unavailable,Data Unavailable,Data Unavailable,Data Unavailable,VERIFIED_OFFICIAL_GEOMETRIES,Greater Chennai Corporation (GCC) SWD Dataset (2023) & CMWSSB Outfalls
91,Ward 91 (Ambattur),7,Ambattur,1.216,39,10.216,8.401,6,1.26,1.036,0,0.0,2,1.743,0.0,0,0.0,91.8,0,115.5,8.108,11,Data Unavailable,Data Unavailable,Data Unavailable,Data Unavailable,VERIFIED_OFFICIAL_GEOMETRIES,Greater Chennai Corporation (GCC) SWD Dataset (2023) & CMWSSB Outfalls
92,Ward 92 (Ambattur),7,Ambattur,1.04,35,10.997,10.574,0,0.0,0.0,0,0.0,1,0.229,0.0,2,0.015,0.0,3,0.0,0.0,4,Data Unavailable,Data Unavailable,Data Unavailable,Data Unavailable,VERIFIED_OFFICIAL_GEOMETRIES,Greater Chennai Corporation (GCC) SWD Dataset (2023) & CMWSSB Outfalls
93,Ward 93 (Ambattur),7,Ambattur,1.411,49,14.078,9.977,7,0.711,0.504,0,0.0,3,1.577,0.0,1,0.056,0.0,0,100.5,19.8,10,Data Unavailable,Data Unavailable,Data Unavailable,Data Unavailable,VERIFIED_OFFICIAL_GEOMETRIES,Greater Chennai Corporation (GCC) SWD Dataset (2023) & CMWSSB Outfalls
94,Ward 94 (Anna Nagar),8,Anna Nagar,1.502,46,10.666,7.101,7,0.838,0.558,0,0.0,1,0.518,0.0,2,0.072,0.0,68,0.0,12.728,12,Data Unavailable,Data Unavailable,Data Unavailable,Data Unavailable,VERIFIED_OFFICIAL_GEOMETRIES,Greater Chennai Corporation (GCC) SWD Dataset (2023) & CMWSSB Outfalls
95,Ward 95 (Anna Nagar),8,Anna Nagar,2.339,47,12.428,5.313,18,4.046,1.73,0,0.0,2,2.692,0.0,3,0.006,0.0,87,0.0,3.072,15,Data Unavailable,Data Unavailable,Data Unavailable,Data Unavailable,VERIFIED_OFFICIAL_GEOMETRIES,Greater Chennai Corporation (GCC) SWD Dataset (2023) & CMWSSB Outfalls
96,Ward 96 (Anna Nagar),8,Anna Nagar,2.751,13,7.944,2.888,13,4.007,1.457,3,1.09,1,1.929,0.0,1,0.125,0.0,33,0.0,1.983,2,Data Unavailable,Data Unavailable,Data Unavailable,Data Unavailable,VERIFIED_OFFICIAL_GEOMETRIES,Greater Chennai Corporation (GCC) SWD Dataset (2023) & CMWSSB Outfalls
97,Ward 97 (Anna Nagar),8,Anna Nagar,0.742,22,3.742,5.043,1,0.006,0.008,0,0.0,0,0.0,141.5,1,0.003,0.0,102,0.0,623.667,10,Data Unavailable,Data Unavailable,Data Unavailable,Data Unavailable,VERIFIED_OFFICIAL_GEOMETRIES,Greater Chennai Corporation (GCC) SWD Dataset (2023) & CMWSSB Outfalls
98,Ward 98 (Anna Nagar),8,Anna Nagar,1.436,20,5.127,3.57,9,1.742,1.213,0,0.0,1,0.922,0.0,11,0.041,0.0,54,0.0,2.943,3,Data Unavailable,Data Unavailable,Data Unavailable,Data Unavailable,VERIFIED_OFFICIAL_GEOMETRIES,Greater Chennai Corporation (GCC) SWD Dataset (2023) & CMWSSB Outfalls
99,Ward 99 (Anna Nagar),8,Anna Nagar,1.299,24,6.656,5.124,18,2.8,2.156,2,1.54,0,0.0,0.7,3,0.039,0.0,47,0.0,2.377,9,Data Unavailable,Data Unavailable,Data Unavailable,Data Unavailable,VERIFIED_OFFICIAL_GEOMETRIES,Greater Chennai Corporation (GCC) SWD Dataset (2023) & CMWSSB Outfalls
100,Ward 100 (Anna Nagar),8,Anna Nagar,2.205,57,15.775,7.154,28,5.55,2.517,2,0.91,1,0.303,0.0,0,0.0,114.2,103,0.0,2.842,25,Data Unavailable,Data Unavailable,Data Unavailable,Data Unavailable,VERIFIED_OFFICIAL_GEOMETRIES,Greater Chennai Corporation (GCC) SWD Dataset (2023) & CMWSSB Outfalls
101,Ward 101 (Anna Nagar),8,Anna Nagar,1.521,39,9.704,6.38,5,1.526,1.003,0,0.0,2,1.804,0.0,1,0.008,0.0,78,0.0,6.359,17,Data Unavailable,Data Unavailable,Data Unavailable,Data Unavailable,VERIFIED_OFFICIAL_GEOMETRIES,Greater Chennai Corporation (GCC) SWD Dataset (2023) & CMWSSB Outfalls
102,Ward 102 (Anna Nagar),8,Anna Nagar,1.789,81,20.629,11.531,14,0.947,0.529,0,0.0,3,2.346,0.0,1,0.038,0.0,58,0.0,21.784,25,Data Unavailable,Data Unavailable,Data Unavailable,Data Unavailable,VERIFIED_OFFICIAL_GEOMETRIES,Greater Chennai Corporation (GCC) SWD Dataset (2023) & CMWSSB Outfalls
103,Ward 103 (Anna Nagar),8,Anna Nagar,2.447,55,19.888,8.128,26,2.783,1.137,0,0.0,3,3.591,0.0,2,0.134,0.0,28,0.0,7.146,15,Data Unavailable,Data Unavailable,Data Unavailable,Data Unavailable,VERIFIED_OFFICIAL_GEOMETRIES,Greater Chennai Corporation (GCC) SWD Dataset (2023) & CMWSSB Outfalls
104,Ward 104 (Anna Nagar),8,Anna Nagar,2.284,101,26.867,11.763,35,6.27,2.745,0,0.0,2,0.092,0.0,1,0.004,0.0,19,0.0,4.285,36,Data Unavailable,Data Unavailable,Data Unavailable,Data Unavailable,VERIFIED_OFFICIAL_GEOMETRIES,Greater Chennai Corporation (GCC) SWD Dataset (2023) & CMWSSB Outfalls
105,Ward 105 (Anna Nagar),8,Anna Nagar,1.312,38,6.658,5.075,9,2.056,1.567,0,0.0,1,0.519,0.0,0,0.0,74.6,120,0.0,3.238,11,Data Unavailable,Data Unavailable,Data Unavailable,Data Unavailable,VERIFIED_OFFICIAL_GEOMETRIES,Greater Chennai Corporation (GCC) SWD Dataset (2023) & CMWSSB Outfalls
106,Ward 106 (Anna Nagar),8,Anna Nagar,0.885,35,8.122,9.177,10,0.929,1.05,0,0.0,2,1.122,0.0,0,0.0,449.2,110,0.0,8.743,9,Data Unavailable,Data Unavailable,Data Unavailable,Data Unavailable,VERIFIED_OFFICIAL_GEOMETRIES,Greater Chennai Corporation (GCC) SWD Dataset (2023) & CMWSSB Outfalls
107,Ward 107 (Anna Nagar),8,Anna Nagar,1.248,56,9.156,7.337,4,0.506,0.405,0,0.0,3,3.427,0.0,2,0.048,0.0,73,0.0,18.095,21,Data Unavailable,Data Unavailable,Data Unavailable,Data Unavailable,VERIFIED_OFFICIAL_GEOMETRIES,Greater Chennai Corporation (GCC) SWD Dataset (2023) & CMWSSB Outfalls
108,Ward 108 (Anna Nagar),8,Anna Nagar,1.531,43,8.132,5.312,17,1.884,1.231,4,2.61,2,0.842,0.0,2,0.031,0.0,151,0.0,4.316,12,Data Unavailable,Data Unavailable,Data Unavailable,Data Unavailable,VERIFIED_OFFICIAL_GEOMETRIES,Greater Chennai Corporation (GCC) SWD Dataset (2023) & CMWSSB Outfalls
109,Ward 109 (Teynampet),9,Teynampet,0.942,40,9.567,10.156,0,0.0,0.0,0,0.0,3,1.26,0.0,2,0.01,0.0,0,1.1,0.0,14,Data Unavailable,Data Unavailable,Data Unavailable,Data Unavailable,VERIFIED_OFFICIAL_GEOMETRIES,Greater Chennai Corporation (GCC) SWD Dataset (2023) & CMWSSB Outfalls
110,Ward 110 (Teynampet),9,Teynampet,2.053,48,10.69,5.207,40,3.105,1.512,1,0.49,1,1.266,0.0,3,0.07,0.0,20,0.0,3.443,16,Data Unavailable,Data Unavailable,Data Unavailable,Data Unavailable,VERIFIED_OFFICIAL_GEOMETRIES,Greater Chennai Corporation (GCC) SWD Dataset (2023) & CMWSSB Outfalls
111,Ward 111 (Teynampet),9,Teynampet,2.717,48,14.483,5.331,60,7.147,2.63,7,2.58,2,2.092,0.0,2,0.626,0.0,2,0.0,2.026,14,Data Unavailable,Data Unavailable,Data Unavailable,Data Unavailable,VERIFIED_OFFICIAL_GEOMETRIES,Greater Chennai Corporation (GCC) SWD Dataset (2023) & CMWSSB Outfalls
112,Ward 112 (Teynampet),9,Teynampet,1.06,46,9.781,9.227,1,0.164,0.155,0,0.0,1,0.551,0.0,0,0.0,164.2,25,0.0,59.64,12,Data Unavailable,Data Unavailable,Data Unavailable,Data Unavailable,VERIFIED_OFFICIAL_GEOMETRIES,Greater Chennai Corporation (GCC) SWD Dataset (2023) & CMWSSB Outfalls
113,Ward 113 (Teynampet),9,Teynampet,1.689,60,16.198,9.59,41,4.134,2.448,2,1.18,1,0.68,0.0,2,0.013,0.0,44,0.0,3.918,16,Data Unavailable,Data Unavailable,Data Unavailable,Data Unavailable,VERIFIED_OFFICIAL_GEOMETRIES,Greater Chennai Corporation (GCC) SWD Dataset (2023) & CMWSSB Outfalls
114,Ward 114 (Teynampet),9,Teynampet,1.759,27,6.578,3.74,5,3.243,1.844,0,0.0,1,0.376,0.0,9,0.107,0.0,1,0.0,2.028,11,Data Unavailable,Data Unavailable,Data Unavailable,Data Unavailable,VERIFIED_OFFICIAL_GEOMETRIES,Greater Chennai Corporation (GCC) SWD Dataset (2023) & CMWSSB Outfalls
115,Ward 115 (Teynampet),9,Teynampet,0.852,20,6.029,7.076,0,0.0,0.0,0,0.0,0,0.0,499.6,0,0.0,251.3,55,0.0,0.0,7,Data Unavailable,Data Unavailable,Data Unavailable,Data Unavailable,VERIFIED_OFFICIAL_GEOMETRIES,Greater Chennai Corporation (GCC) SWD Dataset (2023) & CMWSSB Outfalls
116,Ward 116 (Teynampet),9,Teynampet,0.68,11,2.133,3.137,3,1.773,2.607,0,0.0,1,0.575,0.0,1,0.007,0.0,0,38.7,1.203,0,Data Unavailable,Data Unavailable,Data Unavailable,Data Unavailable,VERIFIED_OFFICIAL_GEOMETRIES,Greater Chennai Corporation (GCC) SWD Dataset (2023) & CMWSSB Outfalls
117,Ward 117 (Kodambakkam),10,Kodambakkam,1.328,50,12.814,9.649,0,0.0,0.0,0,0.0,2,1.94,0.0,0,0.0,138.9,2,0.0,0.0,11,Data Unavailable,Data Unavailable,Data Unavailable,Data Unavailable,VERIFIED_OFFICIAL_GEOMETRIES,Greater Chennai Corporation (GCC) SWD Dataset (2023) & CMWSSB Outfalls
118,Ward 118 (Teynampet),9,Teynampet,1.907,65,14.746,7.733,50,7.026,3.684,3,1.57,0,0.0,69.7,4,0.003,0.0,1,0.0,2.099,26,Data Unavailable,Data Unavailable,Data Unavailable,Data Unavailable,VERIFIED_OFFICIAL_GEOMETRIES,Greater Chennai Corporation (GCC) SWD Dataset (2023) & CMWSSB Outfalls
119,Ward 119 (Teynampet),9,Teynampet,1.387,40,8.681,6.259,10,1.511,1.089,0,0.0,0,0.0,284.3,0,0.0,270.0,12,0.0,5.745,14,Data Unavailable,Data Unavailable,Data Unavailable,Data Unavailable,VERIFIED_OFFICIAL_GEOMETRIES,Greater Chennai Corporation (GCC) SWD Dataset (2023) & CMWSSB Outfalls
120,Ward 120 (Teynampet),9,Teynampet,0.534,12,2.934,5.494,2,0.755,1.414,0,0.0,1,0.504,0.0,0,0.0,212.5,0,137.8,3.886,7,Data Unavailable,Data Unavailable,Data Unavailable,Data Unavailable,VERIFIED_OFFICIAL_GEOMETRIES,Greater Chennai Corporation (GCC) SWD Dataset (2023) & CMWSSB Outfalls
121,Ward 121 (Teynampet),9,Teynampet,0.925,23,6.454,6.977,15,2.922,3.159,4,4.32,1,0.629,0.0,1,0.006,0.0,1,0.0,2.209,7,Data Unavailable,Data Unavailable,Data Unavailable,Data Unavailable,VERIFIED_OFFICIAL_GEOMETRIES,Greater Chennai Corporation (GCC) SWD Dataset (2023) & CMWSSB Outfalls
122,Ward 122 (Teynampet),9,Teynampet,1.816,61,13.413,7.386,17,2.657,1.463,0,0.0,4,2.301,0.0,1,0.081,0.0,0,55.9,5.048,25,Data Unavailable,Data Unavailable,Data Unavailable,Data Unavailable,VERIFIED_OFFICIAL_GEOMETRIES,Greater Chennai Corporation (GCC) SWD Dataset (2023) & CMWSSB Outfalls
123,Ward 123 (Teynampet),9,Teynampet,2.24,74,18.272,8.157,0,0.0,0.0,0,0.0,1,1.15,0.0,2,0.006,0.0,2,0.0,0.0,23,Data Unavailable,Data Unavailable,Data Unavailable,Data Unavailable,VERIFIED_OFFICIAL_GEOMETRIES,Greater Chennai Corporation (GCC) SWD Dataset (2023) & CMWSSB Outfalls
124,Ward 124 (Teynampet),9,Teynampet,1.025,32,4.925,4.805,0,0.0,0.0,0,0.0,1,1.766,0.0,5,0.058,0.0,25,0.0,0.0,11,Data Unavailable,Data Unavailable,Data Unavailable,Data Unavailable,VERIFIED_OFFICIAL_GEOMETRIES,Greater Chennai Corporation (GCC) SWD Dataset (2023) & CMWSSB Outfalls
125,Ward 125 (Teynampet),9,Teynampet,1.239,20,2.945,2.377,28,3.636,2.935,1,0.81,1,0.349,0.0,2,0.006,0.0,5,0.0,0.81,11,Data Unavailable,Data Unavailable,Data Unavailable,Data Unavailable,VERIFIED_OFFICIAL_GEOMETRIES,Greater Chennai Corporation (GCC) SWD Dataset (2023) & CMWSSB Outfalls
126,Ward 126 (Teynampet),9,Teynampet,1.04,23,4.54,4.365,6,1.19,1.144,4,3.85,1,0.125,0.0,0,0.0,7.7,1,0.0,3.815,8,Data Unavailable,Data Unavailable,Data Unavailable,Data Unavailable,VERIFIED_OFFICIAL_GEOMETRIES,Greater Chennai Corporation (GCC) SWD Dataset (2023) & CMWSSB Outfalls
127,Ward 127 (Kodambakkam),10,Kodambakkam,3.858,86,17.685,4.584,67,10.393,2.694,2,0.52,2,2.335,0.0,40,0.086,0.0,35,0.0,1.702,31,Data Unavailable,Data Unavailable,Data Unavailable,Data Unavailable,VERIFIED_OFFICIAL_GEOMETRIES,Greater Chennai Corporation (GCC) SWD Dataset (2023) & CMWSSB Outfalls
128,Ward 128 (Kodambakkam),10,Kodambakkam,1.596,56,14.206,8.901,8,1.768,1.108,1,0.63,0,0.0,372.7,1,0.012,0.0,19,0.0,8.035,20,Data Unavailable,Data Unavailable,Data Unavailable,Data Unavailable,VERIFIED_OFFICIAL_GEOMETRIES,Greater Chennai Corporation (GCC) SWD Dataset (2023) & CMWSSB Outfalls
129,Ward 129 (Kodambakkam),10,Kodambakkam,1.898,74,15.696,8.27,6,2.143,1.129,5,2.63,1,0.158,0.0,1,0.001,0.0,122,0.0,7.324,24,Data Unavailable,Data Unavailable,Data Unavailable,Data Unavailable,VERIFIED_OFFICIAL_GEOMETRIES,Greater Chennai Corporation (GCC) SWD Dataset (2023) & CMWSSB Outfalls
130,Ward 130 (Kodambakkam),10,Kodambakkam,1.202,30,10.915,9.081,34,4.037,3.359,4,3.33,0,0.0,24.0,1,0.005,0.0,47,0.0,2.704,5,Data Unavailable,Data Unavailable,Data Unavailable,Data Unavailable,VERIFIED_OFFICIAL_GEOMETRIES,Greater Chennai Corporation (GCC) SWD Dataset (2023) & CMWSSB Outfalls
131,Ward 131 (Kodambakkam),10,Kodambakkam,1.045,52,12.422,11.887,7,0.873,0.835,3,2.87,0,0.0,391.5,0,0.0,217.1,38,0.0,14.229,18,Data Unavailable,Data Unavailable,Data Unavailable,Data Unavailable,VERIFIED_OFFICIAL_GEOMETRIES,Greater Chennai Corporation (GCC) SWD Dataset (2023) & CMWSSB Outfalls
132,Ward 132 (Kodambakkam),10,Kodambakkam,1.096,61,14.225,12.979,22,1.874,1.71,0,0.0,0,0.0,3.5,0,0.0,479.4,33,0.0,7.591,10,Data Unavailable,Data Unavailable,Data Unavailable,Data Unavailable,VERIFIED_OFFICIAL_GEOMETRIES,Greater Chennai Corporation (GCC) SWD Dataset (2023) & CMWSSB Outfalls
133,Ward 133 (Kodambakkam),10,Kodambakkam,1.838,57,22.172,12.063,0,0.0,0.0,0,0.0,0,0.0,79.8,0,0.0,205.8,57,0.0,0.0,17,Data Unavailable,Data Unavailable,Data Unavailable,Data Unavailable,VERIFIED_OFFICIAL_GEOMETRIES,Greater Chennai Corporation (GCC) SWD Dataset (2023) & CMWSSB Outfalls
134,Ward 134 (Kodambakkam),10,Kodambakkam,0.946,54,13.48,14.249,0,0.0,0.0,0,0.0,0,0.0,636.7,0,0.0,17.6,58,0.0,0.0,17,Data Unavailable,Data Unavailable,Data Unavailable,Data Unavailable,VERIFIED_OFFICIAL_GEOMETRIES,Greater Chennai Corporation (GCC) SWD Dataset (2023) & CMWSSB Outfalls
135,Ward 135 (Kodambakkam),10,Kodambakkam,1.478,50,21.436,14.503,32,4.438,3.003,7,4.74,0,0.0,164.5,0,0.0,344.9,23,0.0,4.83,15,Data Unavailable,Data Unavailable,Data Unavailable,Data Unavailable,VERIFIED_OFFICIAL_GEOMETRIES,Greater Chennai Corporation (GCC) SWD Dataset (2023) & CMWSSB Outfalls
136,Ward 136 (Kodambakkam),10,Kodambakkam,1.193,47,15.897,13.325,4,0.481,0.403,2,1.68,1,0.459,0.0,0,0.0,449.5,13,0.0,33.05,10,Data Unavailable,Data Unavailable,Data Unavailable,Data Unavailable,VERIFIED_OFFICIAL_GEOMETRIES,Greater Chennai Corporation (GCC) SWD Dataset (2023) & CMWSSB Outfalls
137,Ward 137 (Kodambakkam),10,Kodambakkam,1.622,37,12.336,7.605,7,0.443,0.273,0,0.0,1,0.053,0.0,1,0.015,0.0,28,0.0,27.847,15,Data Unavailable,Data Unavailable,Data Unavailable,Data Unavailable,VERIFIED_OFFICIAL_GEOMETRIES,Greater Chennai Corporation (GCC) SWD Dataset (2023) & CMWSSB Outfalls
138,Ward 138 (Kodambakkam),10,Kodambakkam,1.264,24,6.497,5.14,10,1.235,0.977,0,0.0,2,2.604,0.0,1,0.045,0.0,29,0.0,5.261,8,Data Unavailable,Data Unavailable,Data Unavailable,Data Unavailable,VERIFIED_OFFICIAL_GEOMETRIES,Greater Chennai Corporation (GCC) SWD Dataset (2023) & CMWSSB Outfalls
139,Ward 139 (Kodambakkam),10,Kodambakkam,0.724,19,4.589,6.338,0,0.0,0.0,0,0.0,2,1.148,0.0,1,0.027,0.0,11,0.0,0.0,5,Data Unavailable,Data Unavailable,Data Unavailable,Data Unavailable,VERIFIED_OFFICIAL_GEOMETRIES,Greater Chennai Corporation (GCC) SWD Dataset (2023) & CMWSSB Outfalls
140,Ward 140 (Kodambakkam),10,Kodambakkam,0.761,25,5.775,7.589,0,0.0,0.0,0,0.0,1,0.08,0.0,1,0.005,0.0,51,0.0,0.0,6,Data Unavailable,Data Unavailable,Data Unavailable,Data Unavailable,VERIFIED_OFFICIAL_GEOMETRIES,Greater Chennai Corporation (GCC) SWD Dataset (2023) & CMWSSB Outfalls
141,Ward 141 (Kodambakkam),10,Kodambakkam,0.778,43,13.561,17.431,1,0.096,0.123,0,0.0,1,0.919,0.0,0,0.0,141.0,46,0.0,141.26,11,Data Unavailable,Data Unavailable,Data Unavailable,Data Unavailable,VERIFIED_OFFICIAL_GEOMETRIES,Greater Chennai Corporation (GCC) SWD Dataset (2023) & CMWSSB Outfalls
142,Ward 142 (Kodambakkam),10,Kodambakkam,1.066,16,5.08,4.765,1,0.081,0.076,0,0.0,1,0.503,0.0,3,0.044,0.0,29,0.0,62.716,4,Data Unavailable,Data Unavailable,Data Unavailable,Data Unavailable,VERIFIED_OFFICIAL_GEOMETRIES,Greater Chennai Corporation (GCC) SWD Dataset (2023) & CMWSSB Outfalls
143,Ward 143 (Valasaravakkam),11,Valasaravakkam,2.597,56,17.567,6.764,6,2.142,0.825,0,0.0,2,1.35,0.0,3,0.029,0.0,0,533.3,8.201,15,Data Unavailable,Data Unavailable,Data Unavailable,Data Unavailable,VERIFIED_OFFICIAL_GEOMETRIES,Greater Chennai Corporation (GCC) SWD Dataset (2023) & CMWSSB Outfalls
144,Ward 144 (Valasaravakkam),11,Valasaravakkam,1.388,66,13.27,9.561,9,3.52,2.536,0,0.0,2,2.0,0.0,2,0.167,0.0,5,0.0,3.77,19,Data Unavailable,Data Unavailable,Data Unavailable,Data Unavailable,VERIFIED_OFFICIAL_GEOMETRIES,Greater Chennai Corporation (GCC) SWD Dataset (2023) & CMWSSB Outfalls
145,Ward 145 (Valasaravakkam),11,Valasaravakkam,1.513,127,24.17,15.975,7,2.388,1.578,0,0.0,2,1.057,0.0,1,0.079,0.0,0,380.8,10.121,38,Data Unavailable,Data Unavailable,Data Unavailable,Data Unavailable,VERIFIED_OFFICIAL_GEOMETRIES,Greater Chennai Corporation (GCC) SWD Dataset (2023) & CMWSSB Outfalls
146,Ward 146 (Valasaravakkam),11,Valasaravakkam,1.081,48,10.074,9.319,14,1.992,1.843,1,0.93,1,0.327,0.0,3,0.063,0.0,0,772.1,5.057,10,Data Unavailable,Data Unavailable,Data Unavailable,Data Unavailable,VERIFIED_OFFICIAL_GEOMETRIES,Greater Chennai Corporation (GCC) SWD Dataset (2023) & CMWSSB Outfalls
147,Ward 147 (Valasaravakkam),11,Valasaravakkam,2.047,145,27.604,13.485,2,0.139,0.068,0,0.0,0,0.0,189.1,1,0.001,0.0,0,185.6,198.59,45,Data Unavailable,Data Unavailable,Data Unavailable,Data Unavailable,VERIFIED_OFFICIAL_GEOMETRIES,Greater Chennai Corporation (GCC) SWD Dataset (2023) & CMWSSB Outfalls
148,Ward 148 (Valasaravakkam),11,Valasaravakkam,0.883,144,20.128,22.795,0,0.0,0.0,0,0.0,1,0.711,0.0,0,0.0,254.6,0,67.4,0.0,43,Data Unavailable,Data Unavailable,Data Unavailable,Data Unavailable,VERIFIED_OFFICIAL_GEOMETRIES,Greater Chennai Corporation (GCC) SWD Dataset (2023) & CMWSSB Outfalls
149,Ward 149 (Valasaravakkam),11,Valasaravakkam,1.416,135,24.773,17.495,6,1.52,1.073,1,0.71,0,0.0,320.6,0,0.0,29.0,0,13.0,16.298,33,Data Unavailable,Data Unavailable,Data Unavailable,Data Unavailable,VERIFIED_OFFICIAL_GEOMETRIES,Greater Chennai Corporation (GCC) SWD Dataset (2023) & CMWSSB Outfalls
150,Ward 150 (Valasaravakkam),11,Valasaravakkam,3.536,161,35.979,10.175,45,6.767,1.914,1,0.28,1,0.477,0.0,5,0.231,0.0,0,1669.1,5.317,40,Data Unavailable,Data Unavailable,Data Unavailable,Data Unavailable,VERIFIED_OFFICIAL_GEOMETRIES,Greater Chennai Corporation (GCC) SWD Dataset (2023) & CMWSSB Outfalls
151,Ward 151 (Valasaravakkam),11,Valasaravakkam,1.664,136,21.799,13.1,29,4.393,2.64,1,0.6,1,0.59,0.0,2,0.03,0.0,0,888.6,4.962,32,Data Unavailable,Data Unavailable,Data Unavailable,Data Unavailable,VERIFIED_OFFICIAL_GEOMETRIES,Greater Chennai Corporation (GCC) SWD Dataset (2023) & CMWSSB Outfalls
152,Ward 152 (Valasaravakkam),11,Valasaravakkam,1.604,111,21.599,13.466,17,2.69,1.677,1,0.62,0,0.0,1199.3,2,0.002,0.0,0,133.5,8.029,34,Data Unavailable,Data Unavailable,Data Unavailable,Data Unavailable,VERIFIED_OFFICIAL_GEOMETRIES,Greater Chennai Corporation (GCC) SWD Dataset (2023) & CMWSSB Outfalls
153,Ward 153 (Valasaravakkam),11,Valasaravakkam,2.266,159,28.304,12.491,22,6.022,2.658,4,1.77,1,0.055,0.0,1,0.137,0.0,0,1616.8,4.7,55,Data Unavailable,Data Unavailable,Data Unavailable,Data Unavailable,VERIFIED_OFFICIAL_GEOMETRIES,Greater Chennai Corporation (GCC) SWD Dataset (2023) & CMWSSB Outfalls
154,Ward 154 (Valasaravakkam),11,Valasaravakkam,1.172,93,16.142,13.773,6,1.747,1.491,0,0.0,1,0.625,0.0,1,0.004,0.0,0,29.0,9.24,29,Data Unavailable,Data Unavailable,Data Unavailable,Data Unavailable,VERIFIED_OFFICIAL_GEOMETRIES,Greater Chennai Corporation (GCC) SWD Dataset (2023) & CMWSSB Outfalls
155,Ward 155 (Valasaravakkam),11,Valasaravakkam,1.545,71,14.654,9.485,0,0.0,0.0,0,0.0,2,0.761,0.0,2,0.019,0.0,8,0.0,0.0,23,Data Unavailable,Data Unavailable,Data Unavailable,Data Unavailable,VERIFIED_OFFICIAL_GEOMETRIES,Greater Chennai Corporation (GCC) SWD Dataset (2023) & CMWSSB Outfalls
156,Ward 156 (Alandur),12,Alandur,2.778,182,35.203,12.672,2,0.953,0.343,0,0.0,2,1.332,0.0,2,0.004,0.0,0,1041.6,36.939,46,Data Unavailable,Data Unavailable,Data Unavailable,Data Unavailable,VERIFIED_OFFICIAL_GEOMETRIES,Greater Chennai Corporation (GCC) SWD Dataset (2023) & CMWSSB Outfalls
157,Ward 157 (Alandur),12,Alandur,4.575,100,15.4,3.366,8,2.275,0.497,0,0.0,6,9.054,0.0,3,0.342,0.0,0,633.6,6.769,30,Data Unavailable,Data Unavailable,Data Unavailable,Data Unavailable,VERIFIED_OFFICIAL_GEOMETRIES,Greater Chennai Corporation (GCC) SWD Dataset (2023) & CMWSSB Outfalls
158,Ward 158 (Alandur),12,Alandur,2.012,49,8.027,3.99,10,1.683,0.836,2,0.99,2,2.55,0.0,2,0.194,0.0,0,6.4,4.769,15,Data Unavailable,Data Unavailable,Data Unavailable,Data Unavailable,VERIFIED_OFFICIAL_GEOMETRIES,Greater Chennai Corporation (GCC) SWD Dataset (2023) & CMWSSB Outfalls
159,Ward 159 (Alandur),12,Alandur,3.368,22,6.089,1.808,8,3.94,1.17,0,0.0,1,1.041,0.0,4,0.02,0.0,0,2530.6,1.545,6,Data Unavailable,Data Unavailable,Data Unavailable,Data Unavailable,VERIFIED_OFFICIAL_GEOMETRIES,Greater Chennai Corporation (GCC) SWD Dataset (2023) & CMWSSB Outfalls
160,Ward 160 (Alandur),12,Alandur,0.67,72,11.638,17.37,2,0.277,0.413,0,0.0,0,0.0,46.3,1,0.0,0.0,0,28.8,42.014,20,Data Unavailable,Data Unavailable,Data Unavailable,Data Unavailable,VERIFIED_OFFICIAL_GEOMETRIES,Greater Chennai Corporation (GCC) SWD Dataset (2023) & CMWSSB Outfalls
161,Ward 161 (Alandur),12,Alandur,0.786,103,15.44,19.644,14,0.907,1.154,1,1.27,1,0.417,0.0,1,0.001,0.0,2,0.0,17.023,45,Data Unavailable,Data Unavailable,Data Unavailable,Data Unavailable,VERIFIED_OFFICIAL_GEOMETRIES,Greater Chennai Corporation (GCC) SWD Dataset (2023) & CMWSSB Outfalls
162,Ward 162 (Alandur),12,Alandur,1.24,103,19.281,15.549,22,2.597,2.094,4,3.23,1,0.272,0.0,1,0.021,0.0,0,317.6,7.424,39,Data Unavailable,Data Unavailable,Data Unavailable,Data Unavailable,VERIFIED_OFFICIAL_GEOMETRIES,Greater Chennai Corporation (GCC) SWD Dataset (2023) & CMWSSB Outfalls
163,Ward 163 (Alandur),12,Alandur,0.759,114,15.69,20.672,6,1.696,2.235,0,0.0,0,0.0,10.2,0,0.0,15.0,0,68.4,9.251,50,Data Unavailable,Data Unavailable,Data Unavailable,Data Unavailable,VERIFIED_OFFICIAL_GEOMETRIES,Greater Chennai Corporation (GCC) SWD Dataset (2023) & CMWSSB Outfalls
164,Ward 164 (Alandur),12,Alandur,0.604,85,13.998,23.175,0,0.0,0.0,0,0.0,0,0.0,306.5,1,0.01,0.0,0,1314.9,0.0,37,Data Unavailable,Data Unavailable,Data Unavailable,Data Unavailable,VERIFIED_OFFICIAL_GEOMETRIES,Greater Chennai Corporation (GCC) SWD Dataset (2023) & CMWSSB Outfalls
165,Ward 165 (Alandur),12,Alandur,1.161,139,18.001,15.505,33,5.335,4.595,0,0.0,2,2.439,0.0,1,0.01,0.0,0,13.5,3.374,55,Data Unavailable,Data Unavailable,Data Unavailable,Data Unavailable,VERIFIED_OFFICIAL_GEOMETRIES,Greater Chennai Corporation (GCC) SWD Dataset (2023) & CMWSSB Outfalls
166,Ward 166 (Alandur),12,Alandur,1.3,99,15.19,11.685,0,0.0,0.0,0,0.0,0,0.0,795.5,2,0.063,0.0,0,2284.1,0.0,28,Data Unavailable,Data Unavailable,Data Unavailable,Data Unavailable,VERIFIED_OFFICIAL_GEOMETRIES,Greater Chennai Corporation (GCC) SWD Dataset (2023) & CMWSSB Outfalls
167,Ward 167 (Alandur),12,Alandur,1.135,154,25.895,22.815,4,0.263,0.232,0,0.0,0,0.0,109.8,1,0.001,0.0,0,1597.8,98.46,49,Data Unavailable,Data Unavailable,Data Unavailable,Data Unavailable,VERIFIED_OFFICIAL_GEOMETRIES,Greater Chennai Corporation (GCC) SWD Dataset (2023) & CMWSSB Outfalls
168,Ward 168 (Adyar),13,Adyar,3.563,36,13.71,3.848,61,10.295,2.889,7,1.96,3,3.365,0.0,2,0.177,0.0,33,0.0,1.332,7,Data Unavailable,Data Unavailable,Data Unavailable,Data Unavailable,VERIFIED_OFFICIAL_GEOMETRIES,Greater Chennai Corporation (GCC) SWD Dataset (2023) & CMWSSB Outfalls
169,Ward 169 (Adyar),13,Adyar,3.768,42,11.845,3.144,55,10.453,2.774,0,0.0,4,4.797,0.0,7,0.239,0.0,8,0.0,1.133,13,Data Unavailable,Data Unavailable,Data Unavailable,Data Unavailable,VERIFIED_OFFICIAL_GEOMETRIES,Greater Chennai Corporation (GCC) SWD Dataset (2023) & CMWSSB Outfalls
170,Ward 170 (Adyar),13,Adyar,2.701,55,13.568,5.023,41,6.186,2.29,10,3.7,1,1.215,0.0,5,0.148,0.0,124,0.0,2.193,14,Data Unavailable,Data Unavailable,Data Unavailable,Data Unavailable,VERIFIED_OFFICIAL_GEOMETRIES,Greater Chennai Corporation (GCC) SWD Dataset (2023) & CMWSSB Outfalls
171,Ward 171 (Adyar),13,Adyar,3.35,50,12.519,3.737,24,4.838,1.444,7,2.09,3,5.435,0.0,12,0.916,0.0,68,0.0,2.588,15,Data Unavailable,Data Unavailable,Data Unavailable,Data Unavailable,VERIFIED_OFFICIAL_GEOMETRIES,Greater Chennai Corporation (GCC) SWD Dataset (2023) & CMWSSB Outfalls
172,Ward 172 (Adyar),13,Adyar,8.376,17,10.974,1.31,16,1.534,0.183,3,0.36,1,0.3,0.0,17,0.211,0.0,34,0.0,7.154,3,Data Unavailable,Data Unavailable,Data Unavailable,Data Unavailable,VERIFIED_OFFICIAL_GEOMETRIES,Greater Chennai Corporation (GCC) SWD Dataset (2023) & CMWSSB Outfalls
173,Ward 173 (Adyar),13,Adyar,2.736,103,26.781,9.788,19,3.33,1.217,3,1.1,1,0.3,0.0,5,0.261,0.0,15,0.0,8.042,24,Data Unavailable,Data Unavailable,Data Unavailable,Data Unavailable,VERIFIED_OFFICIAL_GEOMETRIES,Greater Chennai Corporation (GCC) SWD Dataset (2023) & CMWSSB Outfalls
174,Ward 174 (Adyar),13,Adyar,3.463,41,11.122,3.212,18,2.161,0.624,5,1.44,1,0.358,0.0,13,0.441,0.0,12,0.0,5.147,13,Data Unavailable,Data Unavailable,Data Unavailable,Data Unavailable,VERIFIED_OFFICIAL_GEOMETRIES,Greater Chennai Corporation (GCC) SWD Dataset (2023) & CMWSSB Outfalls
175,Ward 175 (Adyar),13,Adyar,1.437,34,9.629,6.701,0,0.0,0.0,0,0.0,2,0.871,0.0,1,0.203,0.0,632,0.0,0.0,11,Data Unavailable,Data Unavailable,Data Unavailable,Data Unavailable,VERIFIED_OFFICIAL_GEOMETRIES,Greater Chennai Corporation (GCC) SWD Dataset (2023) & CMWSSB Outfalls
176,Ward 176 (Adyar),13,Adyar,1.786,75,17.22,9.642,19,3.607,2.02,1,0.56,3,2.576,0.0,2,0.008,0.0,76,0.0,4.774,16,Data Unavailable,Data Unavailable,Data Unavailable,Data Unavailable,VERIFIED_OFFICIAL_GEOMETRIES,Greater Chennai Corporation (GCC) SWD Dataset (2023) & CMWSSB Outfalls
177,Ward 177 (Adyar),13,Adyar,2.78,111,25.613,9.213,52,8.763,3.152,4,1.44,2,1.66,0.0,4,0.02,0.0,131,0.0,2.923,21,Data Unavailable,Data Unavailable,Data Unavailable,Data Unavailable,VERIFIED_OFFICIAL_GEOMETRIES,Greater Chennai Corporation (GCC) SWD Dataset (2023) & CMWSSB Outfalls
178,Ward 178 (Adyar),13,Adyar,2.702,29,11.567,4.281,79,8.92,3.301,6,2.22,1,0.276,0.0,5,0.093,0.0,22,0.0,1.297,3,Data Unavailable,Data Unavailable,Data Unavailable,Data Unavailable,VERIFIED_OFFICIAL_GEOMETRIES,Greater Chennai Corporation (GCC) SWD Dataset (2023) & CMWSSB Outfalls
179,Ward 179 (Adyar),13,Adyar,1.873,18,5.096,2.721,0,0.0,0.0,0,0.0,0,0.0,1780.1,0,0.0,13.2,12,0.0,0.0,5,Data Unavailable,Data Unavailable,Data Unavailable,Data Unavailable,VERIFIED_OFFICIAL_GEOMETRIES,Greater Chennai Corporation (GCC) SWD Dataset (2023) & CMWSSB Outfalls
180,Ward 180 (Adyar),13,Adyar,1.821,41,7.434,4.082,21,4.261,2.34,2,1.1,0,0.0,2126.7,3,0.022,0.0,99,0.0,1.745,9,Data Unavailable,Data Unavailable,Data Unavailable,Data Unavailable,VERIFIED_OFFICIAL_GEOMETRIES,Greater Chennai Corporation (GCC) SWD Dataset (2023) & CMWSSB Outfalls
181,Ward 181 (Perungudi),14,Perungudi,1.625,75,12.382,7.62,9,1.757,1.081,2,1.23,0,0.0,1420.4,2,0.037,0.0,0,8.2,7.047,17,Data Unavailable,Data Unavailable,Data Unavailable,Data Unavailable,VERIFIED_OFFICIAL_GEOMETRIES,Greater Chennai Corporation (GCC) SWD Dataset (2023) & CMWSSB Outfalls
182,Ward 182 (Perungudi),14,Perungudi,3.28,187,35.53,10.832,36,7.365,2.245,1,0.3,1,0.273,0.0,4,0.121,0.0,0,90.7,4.824,63,Data Unavailable,Data Unavailable,Data Unavailable,Data Unavailable,VERIFIED_OFFICIAL_GEOMETRIES,Greater Chennai Corporation (GCC) SWD Dataset (2023) & CMWSSB Outfalls
183,Ward 183 (Perungudi),14,Perungudi,1.54,110,12.502,8.118,9,2.205,1.432,0,0.0,0,0.0,1685.3,3,0.029,0.0,0,917.5,5.67,20,Data Unavailable,Data Unavailable,Data Unavailable,Data Unavailable,VERIFIED_OFFICIAL_GEOMETRIES,Greater Chennai Corporation (GCC) SWD Dataset (2023) & CMWSSB Outfalls
184,Ward 184 (Perungudi),14,Perungudi,3.117,145,20.059,6.435,0,0.0,0.0,0,0.0,1,0.273,0.0,25,0.104,0.0,0,214.8,0.0,49,Data Unavailable,Data Unavailable,Data Unavailable,Data Unavailable,VERIFIED_OFFICIAL_GEOMETRIES,Greater Chennai Corporation (GCC) SWD Dataset (2023) & CMWSSB Outfalls
185,Ward 185 (Perungudi),14,Perungudi,0.945,176,24.22,25.63,5,1.822,1.928,0,0.0,1,1.161,0.0,0,0.0,281.7,0,533.1,13.293,68,Data Unavailable,Data Unavailable,Data Unavailable,Data Unavailable,VERIFIED_OFFICIAL_GEOMETRIES,Greater Chennai Corporation (GCC) SWD Dataset (2023) & CMWSSB Outfalls
186,Ward 186 (Perungudi),14,Perungudi,2.385,145,23.788,9.974,4,1.572,0.659,0,0.0,0,0.0,3.7,5,0.085,0.0,0,118.3,15.132,41,Data Unavailable,Data Unavailable,Data Unavailable,Data Unavailable,VERIFIED_OFFICIAL_GEOMETRIES,Greater Chennai Corporation (GCC) SWD Dataset (2023) & CMWSSB Outfalls
187,Ward 187 (Perungudi),14,Perungudi,0.992,46,7.464,7.524,0,0.0,0.0,0,0.0,0,0.0,612.7,1,0.15,0.0,0,1199.6,0.0,14,Data Unavailable,Data Unavailable,Data Unavailable,Data Unavailable,VERIFIED_OFFICIAL_GEOMETRIES,Greater Chennai Corporation (GCC) SWD Dataset (2023) & CMWSSB Outfalls
188,Ward 188 (Perungudi),14,Perungudi,3.423,142,31.567,9.222,26,4.101,1.198,1,0.29,5,2.291,0.0,7,0.038,0.0,0,177.9,7.697,52,Data Unavailable,Data Unavailable,Data Unavailable,Data Unavailable,VERIFIED_OFFICIAL_GEOMETRIES,Greater Chennai Corporation (GCC) SWD Dataset (2023) & CMWSSB Outfalls
189,Ward 189 (Perungudi),14,Perungudi,10.198,44,9.534,0.935,108,10.27,1.007,3,0.29,6,1.476,0.0,26,0.991,0.0,0,117.3,0.928,16,Data Unavailable,Data Unavailable,Data Unavailable,Data Unavailable,VERIFIED_OFFICIAL_GEOMETRIES,Greater Chennai Corporation (GCC) SWD Dataset (2023) & CMWSSB Outfalls
190,Ward 190 (Perungudi),14,Perungudi,3.064,23,4.596,1.5,7,4.922,1.606,2,0.65,0,0.0,90.3,11,0.258,0.0,0,3314.4,0.934,10,Data Unavailable,Data Unavailable,Data Unavailable,Data Unavailable,VERIFIED_OFFICIAL_GEOMETRIES,Greater Chennai Corporation (GCC) SWD Dataset (2023) & CMWSSB Outfalls
191,Ward 191 (Perungudi),14,Perungudi,4.162,111,15.252,3.665,3,0.671,0.161,0,0.0,0,0.0,592.6,7,0.111,0.0,0,4841.5,22.73,39,Data Unavailable,Data Unavailable,Data Unavailable,Data Unavailable,VERIFIED_OFFICIAL_GEOMETRIES,Greater Chennai Corporation (GCC) SWD Dataset (2023) & CMWSSB Outfalls
192,Ward 192 (Sholinganallur),15,Sholinganallur,2.553,55,9.06,3.549,5,3.69,1.445,1,0.39,0,0.0,1872.3,10,0.04,0.0,0,2009.3,2.455,12,Data Unavailable,Data Unavailable,Data Unavailable,Data Unavailable,VERIFIED_OFFICIAL_GEOMETRIES,Greater Chennai Corporation (GCC) SWD Dataset (2023) & CMWSSB Outfalls
193,Ward 193 (Sholinganallur),15,Sholinganallur,2.082,39,7.665,3.682,39,4.353,2.091,9,4.32,0,0.0,1479.5,8,0.024,0.0,0,2024.5,1.761,12,Data Unavailable,Data Unavailable,Data Unavailable,Data Unavailable,VERIFIED_OFFICIAL_GEOMETRIES,Greater Chennai Corporation (GCC) SWD Dataset (2023) & CMWSSB Outfalls
194,Ward 194 (Sholinganallur),15,Sholinganallur,4.513,26,5.371,1.19,9,5.394,1.195,0,0.0,0,0.0,10.4,6,0.055,0.0,0,3498.1,0.996,7,Data Unavailable,Data Unavailable,Data Unavailable,Data Unavailable,VERIFIED_OFFICIAL_GEOMETRIES,Greater Chennai Corporation (GCC) SWD Dataset (2023) & CMWSSB Outfalls
195,Ward 195 (Sholinganallur),15,Sholinganallur,2.488,58,15.503,6.231,5,2.967,1.193,2,0.8,1,0.354,0.0,8,0.046,0.0,0,3013.9,5.225,18,Data Unavailable,Data Unavailable,Data Unavailable,Data Unavailable,VERIFIED_OFFICIAL_GEOMETRIES,Greater Chennai Corporation (GCC) SWD Dataset (2023) & CMWSSB Outfalls
196,Ward 196 (Sholinganallur),15,Sholinganallur,1.552,34,5.543,3.572,7,1.92,1.237,1,0.64,1,1.835,0.0,5,0.024,0.0,0,4232.3,2.887,14,Data Unavailable,Data Unavailable,Data Unavailable,Data Unavailable,VERIFIED_OFFICIAL_GEOMETRIES,Greater Chennai Corporation (GCC) SWD Dataset (2023) & CMWSSB Outfalls
197,Ward 197 (Sholinganallur),15,Sholinganallur,8.473,5,0.834,0.098,32,14.969,1.767,0,0.0,0,0.0,25.1,4,0.025,0.0,0,6442.4,0.056,2,Data Unavailable,Data Unavailable,Data Unavailable,Data Unavailable,VERIFIED_OFFICIAL_GEOMETRIES,Greater Chennai Corporation (GCC) SWD Dataset (2023) & CMWSSB Outfalls
198,Ward 198 (Sholinganallur),15,Sholinganallur,6.3,34,7.402,1.175,16,5.666,0.899,2,0.32,2,2.79,0.0,18,0.576,0.0,0,4469.3,1.306,11,Data Unavailable,Data Unavailable,Data Unavailable,Data Unavailable,VERIFIED_OFFICIAL_GEOMETRIES,Greater Chennai Corporation (GCC) SWD Dataset (2023) & CMWSSB Outfalls
199,Ward 199 (Sholinganallur),15,Sholinganallur,8.075,3,0.821,0.102,41,10.563,1.308,0,0.0,2,3.145,0.0,12,0.646,0.0,0,7249.7,0.078,0,Data Unavailable,Data Unavailable,Data Unavailable,Data Unavailable,VERIFIED_OFFICIAL_GEOMETRIES,Greater Chennai Corporation (GCC) SWD Dataset (2023) & CMWSSB Outfalls
200,Ward 200 (Sholinganallur),15,Sholinganallur,7.517,51,7.254,0.965,6,5.375,0.715,0,0.0,5,8.506,0.0,2,0.198,0.0,0,9891.7,1.35,15,Data Unavailable,Data Unavailable,Data Unavailable,Data Unavailable,VERIFIED_OFFICIAL_GEOMETRIES,Greater Chennai Corporation (GCC) SWD Dataset (2023) & CMWSSB Outfalls
